<?xml version="1.0" encoding="UTF-8" ?>
<!DOCTYPE keyboard SYSTEM "../dtd/ldmlKeyboard.dtd">
<keyboard locale="bg-t-k0-osx">
	<version platform="10.9" number="$Revision: 11914 $"/>
	<names>
		<name value="Bulgarian"/>
	</names>
	<keyMap>
		<map iso="E00" to="`"/>
		<map iso="E01" to="1"/>
		<map iso="E02" to="2"/>
		<map iso="E03" to="3"/>
		<map iso="E04" to="4"/>
		<map iso="E05" to="5"/>
		<map iso="E06" to="6"/>
		<map iso="E07" to="7"/>
		<map iso="E08" to="8"/>
		<map iso="E09" to="9"/>
		<map iso="E10" to="0"/>
		<map iso="E11" to="-"/>
		<map iso="E12" to="."/> <!-- = -->
		<map iso="D01" to=","/> <!-- Q -->
		<map iso="D02" to="у"/> <!-- W -->
		<map iso="D03" to="е"/> <!-- E -->
		<map iso="D04" to="и"/> <!-- R -->
		<map iso="D05" to="ш"/> <!-- T -->
		<map iso="D06" to="щ"/> <!-- Y -->
		<map iso="D07" to="к"/> <!-- U -->
		<map iso="D08" to="с"/> <!-- I -->
		<map iso="D09" to="д"/> <!-- O -->
		<map iso="D10" to="з"/> <!-- P -->
		<map iso="D11" to="ц"/> <!-- [ -->
		<map iso="D12" to=";"/> <!-- ] -->
		<map iso="D13" to="("/> <!-- \ -->
		<map iso="C01" to="ь"/> <!-- A -->
		<map iso="C02" to="я"/> <!-- S -->
		<map iso="C03" to="а"/> <!-- D -->
		<map iso="C04" to="о"/> <!-- F -->
		<map iso="C05" to="ж"/> <!-- G -->
		<map iso="C06" to="г"/> <!-- H -->
		<map iso="C07" to="т"/> <!-- J -->
		<map iso="C08" to="н"/> <!-- K -->
		<map iso="C09" to="в"/> <!-- L -->
		<map iso="C10" to="м"/> <!-- ; -->
		<map iso="C11" to="ч"/> <!-- ' -->
		<map iso="B00" to="§"/> <!-- (key to left of Z) -->
		<map iso="B01" to="ю"/> <!-- Z -->
		<map iso="B02" to="й"/> <!-- X -->
		<map iso="B03" to="ъ"/> <!-- C -->
		<map iso="B04" to="э"/> <!-- V -->
		<map iso="B05" to="ф"/> <!-- B -->
		<map iso="B06" to="х"/> <!-- N -->
		<map iso="B07" to="п"/> <!-- M -->
		<map iso="B08" to="р"/> <!-- , -->
		<map iso="B09" to="л"/> <!-- . -->
		<map iso="B10" to="б"/> <!-- / -->
		<map iso="A03" to=" "/> <!-- space -->
	</keyMap>
	<keyMap modifiers="shift caps+shiftR+shiftL?">
		<map iso="E00" to="~" transform="no"/> <!-- ` -->
		<map iso="E01" to="!"/> <!-- 1 -->
		<map iso="E02" to="?"/> <!-- 2 -->
		<map iso="E03" to="+"/> <!-- 3 -->
		<map iso="E04" to="\u{22}"/> <!-- 4  to= "  -->
		<map iso="E05" to="%"/> <!-- 5 -->
		<map iso="E06" to="="/> <!-- 6 -->
		<map iso="E07" to=":"/> <!-- 7 -->
		<map iso="E08" to="/"/> <!-- 8 -->
		<map iso="E09" to="_"/> <!-- 9 -->
		<map iso="E10" to="№"/> <!-- 0 -->
		<map iso="E11" to="I"/> <!-- - -->
		<map iso="E12" to="V"/> <!-- =  base=. -->
		<map iso="D01" to="ы"/> <!-- Q  base=, -->
		<map iso="D02" to="У"/> <!-- W -->
		<map iso="D03" to="Е"/> <!-- E -->
		<map iso="D04" to="И"/> <!-- R -->
		<map iso="D05" to="Ш"/> <!-- T -->
		<map iso="D06" to="Щ"/> <!-- Y -->
		<map iso="D07" to="К"/> <!-- U -->
		<map iso="D08" to="С"/> <!-- I -->
		<map iso="D09" to="Д"/> <!-- O -->
		<map iso="D10" to="З"/> <!-- P -->
		<map iso="D11" to="Ц"/> <!-- [ -->
		<map iso="D12" to="§"/> <!-- ]  base=; -->
		<map iso="D13" to=")"/> <!-- \  base=( -->
		<map iso="C01" to="Ь"/> <!-- A -->
		<map iso="C02" to="Я"/> <!-- S -->
		<map iso="C03" to="А"/> <!-- D -->
		<map iso="C04" to="О"/> <!-- F -->
		<map iso="C05" to="Ж"/> <!-- G -->
		<map iso="C06" to="Г"/> <!-- H -->
		<map iso="C07" to="Т"/> <!-- J -->
		<map iso="C08" to="Н"/> <!-- K -->
		<map iso="C09" to="В"/> <!-- L -->
		<map iso="C10" to="М"/> <!-- ; -->
		<map iso="C11" to="Ч"/> <!-- ' -->
		<map iso="B00" to="±"/> <!-- (key to left of Z)  base=§ -->
		<map iso="B01" to="Ю"/> <!-- Z -->
		<map iso="B02" to="Й"/> <!-- X -->
		<map iso="B03" to="Ъ"/> <!-- C -->
		<map iso="B04" to="Э"/> <!-- V -->
		<map iso="B05" to="Ф"/> <!-- B -->
		<map iso="B06" to="Х"/> <!-- N -->
		<map iso="B07" to="П"/> <!-- M -->
		<map iso="B08" to="Р"/> <!-- , -->
		<map iso="B09" to="Л"/> <!-- . -->
		<map iso="B10" to="Б"/> <!-- / -->
		<map iso="A03" to=" "/> <!-- space -->
	</keyMap>
	<keyMap modifiers="caps">
		<map iso="E00" to="`"/>
		<map iso="E01" to="1"/>
		<map iso="E02" to="2"/>
		<map iso="E03" to="3"/>
		<map iso="E04" to="4"/>
		<map iso="E05" to="5"/>
		<map iso="E06" to="6"/>
		<map iso="E07" to="7"/>
		<map iso="E08" to="8"/>
		<map iso="E09" to="9"/>
		<map iso="E10" to="0"/>
		<map iso="E11" to="-"/>
		<map iso="E12" to="."/> <!-- = -->
		<map iso="D01" to=","/> <!-- Q -->
		<map iso="D02" to="У"/> <!-- W -->
		<map iso="D03" to="Е"/> <!-- E -->
		<map iso="D04" to="И"/> <!-- R -->
		<map iso="D05" to="Ш"/> <!-- T -->
		<map iso="D06" to="Щ"/> <!-- Y -->
		<map iso="D07" to="К"/> <!-- U -->
		<map iso="D08" to="С"/> <!-- I -->
		<map iso="D09" to="Д"/> <!-- O -->
		<map iso="D10" to="З"/> <!-- P -->
		<map iso="D11" to="Ц"/> <!-- [ -->
		<map iso="D12" to=";"/> <!-- ] -->
		<map iso="D13" to="("/> <!-- \ -->
		<map iso="C01" to="Ь"/> <!-- A -->
		<map iso="C02" to="Я"/> <!-- S -->
		<map iso="C03" to="А"/> <!-- D -->
		<map iso="C04" to="О"/> <!-- F -->
		<map iso="C05" to="Ж"/> <!-- G -->
		<map iso="C06" to="Г"/> <!-- H -->
		<map iso="C07" to="Т"/> <!-- J -->
		<map iso="C08" to="Н"/> <!-- K -->
		<map iso="C09" to="В"/> <!-- L -->
		<map iso="C10" to="М"/> <!-- ; -->
		<map iso="C11" to="Ч"/> <!-- ' -->
		<map iso="B00" to="§"/> <!-- (key to left of Z) -->
		<map iso="B01" to="Ю"/> <!-- Z -->
		<map iso="B02" to="Й"/> <!-- X -->
		<map iso="B03" to="Ъ"/> <!-- C -->
		<map iso="B04" to="Э"/> <!-- V -->
		<map iso="B05" to="Ф"/> <!-- B -->
		<map iso="B06" to="Х"/> <!-- N -->
		<map iso="B07" to="П"/> <!-- M -->
		<map iso="B08" to="Р"/> <!-- , -->
		<map iso="B09" to="Л"/> <!-- . -->
		<map iso="B10" to="Б"/> <!-- / -->
		<map iso="A03" to=" "/> <!-- space -->
	</keyMap>
	<keyMap modifiers="caps+shiftL optR+caps+optL?">
		<map iso="E00" to="`" transform="no"/>
		<map iso="E01" to="!"/> <!-- 1 -->
		<map iso="E02" to="?"/> <!-- 2 -->
		<map iso="E03" to="+"/> <!-- 3 -->
		<map iso="E04" to="\u{22}"/> <!-- 4  to= "  -->
		<map iso="E05" to="%"/> <!-- 5 -->
		<map iso="E06" to="="/> <!-- 6 -->
		<map iso="E07" to=":"/> <!-- 7 -->
		<map iso="E08" to="/"/> <!-- 8 -->
		<map iso="E09" to="_"/> <!-- 9 -->
		<map iso="E10" to="№"/> <!-- 0 -->
		<map iso="E11" to="І"/> <!-- - -->
		<map iso="E12" to="V"/> <!-- =  base=. -->
		<map iso="D01" to="Ы"/> <!-- Q  base=, -->
		<map iso="D02" to="у"/> <!-- W -->
		<map iso="D03" to="е"/> <!-- E -->
		<map iso="D04" to="и"/> <!-- R -->
		<map iso="D05" to="ш"/> <!-- T -->
		<map iso="D06" to="щ"/> <!-- Y -->
		<map iso="D07" to="к"/> <!-- U -->
		<map iso="D08" to="с"/> <!-- I -->
		<map iso="D09" to="д"/> <!-- O -->
		<map iso="D10" to="з"/> <!-- P -->
		<map iso="D11" to="ц"/> <!-- [ -->
		<map iso="D12" to="§"/> <!-- ]  base=; -->
		<map iso="D13" to=")"/> <!-- \  base=( -->
		<map iso="C01" to="ь"/> <!-- A -->
		<map iso="C02" to="я"/> <!-- S -->
		<map iso="C03" to="а"/> <!-- D -->
		<map iso="C04" to="о"/> <!-- F -->
		<map iso="C05" to="ж"/> <!-- G -->
		<map iso="C06" to="г"/> <!-- H -->
		<map iso="C07" to="т"/> <!-- J -->
		<map iso="C08" to="н"/> <!-- K -->
		<map iso="C09" to="в"/> <!-- L -->
		<map iso="C10" to="м"/> <!-- ; -->
		<map iso="C11" to="ч"/> <!-- ' -->
		<map iso="B00" to="§"/> <!-- (key to left of Z) -->
		<map iso="B01" to="ю"/> <!-- Z -->
		<map iso="B02" to="й"/> <!-- X -->
		<map iso="B03" to="ъ"/> <!-- C -->
		<map iso="B04" to="э"/> <!-- V -->
		<map iso="B05" to="ф"/> <!-- B -->
		<map iso="B06" to="х"/> <!-- N -->
		<map iso="B07" to="п"/> <!-- M -->
		<map iso="B08" to="р"/> <!-- , -->
		<map iso="B09" to="л"/> <!-- . -->
		<map iso="B10" to="б"/> <!-- / -->
		<map iso="A03" to="\u{A0}"/> <!-- space -->
	</keyMap>
	<keyMap modifiers="optL+caps opt+shift+caps? cmd+optR+shift+optL?+caps? cmd+opt+shiftR+caps?+shiftL?">
		<map iso="E00" to="~"/> <!-- ` -->
		<map iso="E01" to="†"/> <!-- 1 -->
		<map iso="E02" to="@"/> <!-- 2 -->
		<map iso="E03" to="#"/> <!-- 3 -->
		<map iso="E04" to="“"/> <!-- 4 -->
		<map iso="E05" to="%"/> <!-- 5 -->
		<map iso="E06" to="^"/> <!-- 6 -->
		<map iso="E07" to="&amp;"/> <!-- 7 -->
		<map iso="E08" to="*"/> <!-- 8 -->
		<map iso="E09" to="("/> <!-- 9 -->
		<map iso="E10" to=")"/> <!-- 0 -->
		<map iso="E11" to="—"/> <!-- - -->
		<map iso="E12" to="+"/> <!-- =  base=. -->
		<map iso="D01" to="Q"/> <!--   base=, -->
		<map iso="D02" to="W"/> <!--   base=у -->
		<map iso="D03" to="E"/> <!--   base=е -->
		<map iso="D04" to="R"/> <!--   base=и -->
		<map iso="D05" to="T"/> <!--   base=ш -->
		<map iso="D06" to="Y"/> <!--   base=щ -->
		<map iso="D07" to="U"/> <!--   base=к -->
		<map iso="D08" to="I"/> <!--   base=с -->
		<map iso="D09" to="O"/> <!--   base=д -->
		<map iso="D10" to="P"/> <!--   base=з -->
		<map iso="D11" to="{"/> <!-- [  base=ц -->
		<map iso="D12" to="}"/> <!-- ]  base=; -->
		<map iso="D13" to="’"/> <!-- \  base=( -->
		<map iso="C01" to="A"/> <!--   base=ь -->
		<map iso="C02" to="S"/> <!--   base=я -->
		<map iso="C03" to="D"/> <!--   base=а -->
		<map iso="C04" to="F"/> <!--   base=о -->
		<map iso="C05" to="G"/> <!--   base=ж -->
		<map iso="C06" to="H"/> <!--   base=г -->
		<map iso="C07" to="J"/> <!--   base=т -->
		<map iso="C08" to="K"/> <!--   base=н -->
		<map iso="C09" to="L"/> <!--   base=в -->
		<map iso="C10" to=":"/> <!-- ;  base=м -->
		<map iso="C11" to="”"/> <!-- '  base=ч -->
		<map iso="B00" to="±"/> <!-- (key to left of Z)  base=§ -->
		<map iso="B01" to="Z"/> <!--   base=ю -->
		<map iso="B02" to="X"/> <!--   base=й -->
		<map iso="B03" to="C"/> <!--   base=ъ -->
		<map iso="B04" to="V"/> <!--   base=э -->
		<map iso="B05" to="B"/> <!--   base=ф -->
		<map iso="B06" to="N"/> <!--   base=х -->
		<map iso="B07" to="M"/> <!--   base=п -->
		<map iso="B08" to="&lt;"/> <!-- ,  base=р -->
		<map iso="B09" to="&gt;"/> <!-- .  base=л -->
		<map iso="B10" to="?"/> <!-- /  base=б -->
		<map iso="A03" to="\u{A0}"/> <!-- space -->
	</keyMap>
	<keyMap modifiers="opt">
		<map iso="E00" to="`"/>
		<map iso="E01" to="€"/> <!-- 1 -->
		<map iso="E02" to="°"/> <!-- 2 -->
		<map iso="E03" to="$"/> <!-- 3 -->
		<map iso="E04" to="„"/> <!-- 4 -->
		<map iso="E05" to="™"/> <!-- 5 -->
		<map iso="E06" to="∞"/> <!-- 6 -->
		<map iso="E07" to="£"/> <!-- 7 -->
		<map iso="E08" to="Ґ"/> <!-- 8 -->
		<map iso="E09" to="¶"/> <!-- 9 -->
		<map iso="E10" to="•"/> <!-- 0 -->
		<map iso="E11" to="–"/> <!-- - -->
		<map iso="E12" to="="/> <!--   base=. -->
		<map iso="D01" to="q"/> <!--   base=, -->
		<map iso="D02" to="w"/> <!--   base=у -->
		<map iso="D03" to="e"/> <!--   base=е -->
		<map iso="D04" to="r"/> <!--   base=и -->
		<map iso="D05" to="t"/> <!--   base=ш -->
		<map iso="D06" to="y"/> <!--   base=щ -->
		<map iso="D07" to="u"/> <!--   base=к -->
		<map iso="D08" to="i"/> <!--   base=с -->
		<map iso="D09" to="o"/> <!--   base=д -->
		<map iso="D10" to="p"/> <!--   base=з -->
		<map iso="D11" to="["/> <!--   base=ц -->
		<map iso="D12" to="]"/> <!--   base=; -->
		<map iso="D13" to="‘"/> <!-- \  base=( -->
		<map iso="C01" to="a"/> <!--   base=ь -->
		<map iso="C02" to="s"/> <!--   base=я -->
		<map iso="C03" to="d"/> <!--   base=а -->
		<map iso="C04" to="f"/> <!--   base=о -->
		<map iso="C05" to="g"/> <!--   base=ж -->
		<map iso="C06" to="h"/> <!--   base=г -->
		<map iso="C07" to="j"/> <!--   base=т -->
		<map iso="C08" to="k"/> <!--   base=н -->
		<map iso="C09" to="l"/> <!--   base=в -->
		<map iso="C10" to=";"/> <!--   base=м -->
		<map iso="C11" to="“"/> <!-- '  base=ч -->
		<map iso="B00" to="§"/> <!-- (key to left of Z) -->
		<map iso="B01" to="z"/> <!--   base=ю -->
		<map iso="B02" to="x"/> <!--   base=й -->
		<map iso="B03" to="c"/> <!--   base=ъ -->
		<map iso="B04" to="v"/> <!--   base=э -->
		<map iso="B05" to="b"/> <!--   base=ф -->
		<map iso="B06" to="n"/> <!--   base=х -->
		<map iso="B07" to="m"/> <!--   base=п -->
		<map iso="B08" to=","/> <!--   base=р -->
		<map iso="B09" to="."/> <!--   base=л -->
		<map iso="B10" to="/"/> <!--   base=б -->
		<map iso="A03" to="\u{A0}"/> <!-- space -->
	</keyMap>
	<keyMap modifiers="ctrl+opt?+caps?+shift? ctrl+cmd?+opt?+shift? ctrl+cmd?+opt?+caps? cmd+ctrlR+opt+caps+shift cmd+ctrlL+opt+caps+shift cmd+ctrl+caps+shift+optR? cmd+ctrl+caps+shift+optL? cmd+ctrl+opt+caps+shiftR? cmd+ctrl+opt+caps+shiftL?">
		<map iso="E00" to="`" transform="no"/>
		<map iso="E01" to="1"/>
		<map iso="E02" to="2"/>
		<map iso="E03" to="3"/>
		<map iso="E04" to="4"/>
		<map iso="E05" to="5"/>
		<map iso="E06" to="6"/>
		<map iso="E07" to="7"/>
		<map iso="E08" to="8"/>
		<map iso="E09" to="9"/>
		<map iso="E10" to="0"/>
		<map iso="E11" to="\u{1F}"/> <!-- - -->
		<map iso="E12" to="="/> <!--   base=. -->
		<map iso="D01" to="\u{11}"/> <!-- Q  base=, -->
		<map iso="D02" to="\u{17}"/> <!-- W  base=у -->
		<map iso="D03" to="\u{5}"/> <!-- E  base=е -->
		<map iso="D04" to="\u{12}"/> <!-- R  base=и -->
		<map iso="D05" to="\u{14}"/> <!-- T  base=ш -->
		<map iso="D06" to="\u{19}"/> <!-- Y  base=щ -->
		<map iso="D07" to="\u{15}"/> <!-- U  base=к -->
		<map iso="D08" to="\u{9}"/> <!-- I  base=с -->
		<map iso="D09" to="\u{F}"/> <!-- O  base=д -->
		<map iso="D10" to="\u{10}"/> <!-- P  base=з -->
		<map iso="D11" to="\u{1B}"/> <!-- [  base=ц -->
		<map iso="D12" to="\u{1D}"/> <!-- ]  base=; -->
		<map iso="D13" to="\u{1C}"/> <!-- \  base=( -->
		<map iso="C01" to="\u{1}"/> <!-- A  base=ь -->
		<map iso="C02" to="\u{13}"/> <!-- S  base=я -->
		<map iso="C03" to="\u{4}"/> <!-- D  base=а -->
		<map iso="C04" to="\u{6}"/> <!-- F  base=о -->
		<map iso="C05" to="\u{7}"/> <!-- G  base=ж -->
		<map iso="C06" to="\u{8}"/> <!-- H  base=г -->
		<map iso="C07" to="\u{A}"/> <!-- J  base=т -->
		<map iso="C08" to="\u{B}"/> <!-- K  base=н -->
		<map iso="C09" to="\u{C}"/> <!-- L  base=в -->
		<map iso="C10" to=";"/> <!--   base=м -->
		<map iso="C11" to="&apos;"/> <!--   base=ч -->
		<map iso="B00" to="0"/> <!-- (key to left of Z)  base=§ -->
		<map iso="B01" to="\u{1A}"/> <!-- Z  base=ю -->
		<map iso="B02" to="\u{18}"/> <!-- X  base=й -->
		<map iso="B03" to="\u{3}"/> <!-- C  base=ъ -->
		<map iso="B04" to="\u{16}"/> <!-- V  base=э -->
		<map iso="B05" to="\u{2}"/> <!-- B  base=ф -->
		<map iso="B06" to="\u{E}"/> <!-- N  base=х -->
		<map iso="B07" to="\u{D}"/> <!-- M  base=п -->
		<map iso="B08" to=","/> <!--   base=р -->
		<map iso="B09" to="."/> <!--   base=л -->
		<map iso="B10" to="/"/> <!--   base=б -->
		<map iso="A03" to=" "/> <!-- space -->
	</keyMap>
	<keyMap modifiers="cmd+caps?+shiftL?">
		<map iso="E00" to="`" transform="no"/>
		<map iso="E01" to="1"/>
		<map iso="E02" to="2"/>
		<map iso="E03" to="3"/>
		<map iso="E04" to="4"/>
		<map iso="E05" to="5"/>
		<map iso="E06" to="6"/>
		<map iso="E07" to="7"/>
		<map iso="E08" to="8"/>
		<map iso="E09" to="9"/>
		<map iso="E10" to="0"/>
		<map iso="E11" to="-"/>
		<map iso="E12" to="="/> <!--   base=. -->
		<map iso="D01" to="q"/> <!--   base=, -->
		<map iso="D02" to="w"/> <!--   base=у -->
		<map iso="D03" to="e"/> <!--   base=е -->
		<map iso="D04" to="r"/> <!--   base=и -->
		<map iso="D05" to="t"/> <!--   base=ш -->
		<map iso="D06" to="y"/> <!--   base=щ -->
		<map iso="D07" to="u"/> <!--   base=к -->
		<map iso="D08" to="i"/> <!--   base=с -->
		<map iso="D09" to="o"/> <!--   base=д -->
		<map iso="D10" to="p"/> <!--   base=з -->
		<map iso="D11" to="["/> <!--   base=ц -->
		<map iso="D12" to="]"/> <!--   base=; -->
		<map iso="D13" to="\"/> <!--   base=( -->
		<map iso="C01" to="a"/> <!--   base=ь -->
		<map iso="C02" to="s"/> <!--   base=я -->
		<map iso="C03" to="d"/> <!--   base=а -->
		<map iso="C04" to="f"/> <!--   base=о -->
		<map iso="C05" to="g"/> <!--   base=ж -->
		<map iso="C06" to="h"/> <!--   base=г -->
		<map iso="C07" to="j"/> <!--   base=т -->
		<map iso="C08" to="k"/> <!--   base=н -->
		<map iso="C09" to="l"/> <!--   base=в -->
		<map iso="C10" to=";"/> <!--   base=м -->
		<map iso="C11" to="&apos;"/> <!--   base=ч -->
		<map iso="B00" to="§"/> <!-- (key to left of Z) -->
		<map iso="B01" to="z"/> <!--   base=ю -->
		<map iso="B02" to="x"/> <!--   base=й -->
		<map iso="B03" to="c"/> <!--   base=ъ -->
		<map iso="B04" to="v"/> <!--   base=э -->
		<map iso="B05" to="b"/> <!--   base=ф -->
		<map iso="B06" to="n"/> <!--   base=х -->
		<map iso="B07" to="m"/> <!--   base=п -->
		<map iso="B08" to=","/> <!--   base=р -->
		<map iso="B09" to="."/> <!--   base=л -->
		<map iso="B10" to="/"/> <!--   base=б -->
		<map iso="A03" to=" "/> <!-- space -->
	</keyMap>
	<keyMap modifiers="cmd+optL+shiftL+caps?">
		<map iso="E00" to="`" transform="no"/>
		<map iso="E01" to="Џ"/> <!-- 1 -->
		<map iso="E02" to="џ"/> <!-- 2 -->
		<map iso="E03" to="№"/> <!-- 3 -->
		<map iso="E04" to="Ё"/> <!-- 4 -->
		<map iso="E05" to="ё"/> <!-- 5 -->
		<map iso="E06" to="я"/> <!-- 6 -->
		<map iso="E07" to="а"/> <!-- 7 -->
		<map iso="E08" to="°"/> <!-- 8 -->
		<map iso="E09" to="б"/> <!-- 9 -->
		<map iso="E10" to="в"/> <!-- 0 -->
		<map iso="E11" to="—"/> <!-- - -->
		<map iso="E12" to="±"/> <!-- =  base=. -->
		<map iso="D01" to="ќ"/> <!-- Q  base=, -->
		<map iso="D02" to="г"/> <!-- W  base=у -->
		<map iso="D03" to="Ђ"/> <!-- E  base=е -->
		<map iso="D04" to="д"/> <!-- R  base=и -->
		<map iso="D05" to="€"/> <!-- T  base=ш -->
		<map iso="D06" to="з"/> <!-- Y  base=щ -->
		<map iso="D07" to="ђ"/> <!-- U  base=к -->
		<map iso="D08" to="ц"/> <!-- I  base=с -->
		<map iso="D09" to="ѓ"/> <!-- O  base=д -->
		<map iso="D10" to="Є"/> <!-- P  base=з -->
		<map iso="D11" to="”"/> <!-- [  base=ц -->
		<map iso="D12" to="’"/> <!-- ]  base=; -->
		<map iso="D13" to="»"/> <!-- \  base=( -->
		<map iso="C01" to="Б"/> <!-- A  base=ь -->
		<map iso="C02" to="к"/> <!-- S  base=я -->
		<map iso="C03" to="л"/> <!-- D  base=а -->
		<map iso="C04" to="м"/> <!-- F  base=о -->
		<map iso="C05" to="э"/> <!-- G  base=ж -->
		<map iso="C06" to="о"/> <!-- H  base=г -->
		<map iso="C07" to="п"/> <!-- J  base=т -->
		<map iso="C08" to="р"/> <!-- K  base=н -->
		<map iso="C09" to="с"/> <!-- L  base=в -->
		<map iso="C10" to="т"/> <!-- ;  base=м -->
		<map iso="C11" to="Ѓ"/> <!-- '  base=ч -->
		<map iso="B00" to="±"/> <!-- (key to left of Z)  base=§ -->
		<map iso="B01" to="ь"/> <!-- Z  base=ю -->
		<map iso="B02" to="ю"/> <!-- X  base=й -->
		<map iso="B03" to="В"/> <!-- C  base=ъ -->
		<map iso="B04" to="„"/> <!-- V  base=э -->
		<map iso="B05" to="х"/> <!-- B  base=ф -->
		<map iso="B06" to="ч"/> <!-- N  base=х -->
		<map iso="B07" to="е"/> <!-- M  base=п -->
		<map iso="B08" to="ш"/> <!-- ,  base=р -->
		<map iso="B09" to="щ"/> <!-- .  base=л -->
		<map iso="B10" to="ј"/> <!-- /  base=б -->
		<map iso="A03" to="\u{A0}"/> <!-- space -->
	</keyMap>
	<keyMap modifiers="cmd+opt+caps?">
		<map iso="E00" to="`" transform="no"/>
		<map iso="E01" to="€"/> <!-- 1 -->
		<map iso="E02" to="°"/> <!-- 2 -->
		<map iso="E03" to="$"/> <!-- 3 -->
		<map iso="E04" to="„"/> <!-- 4 -->
		<map iso="E05" to="™"/> <!-- 5 -->
		<map iso="E06" to="∞"/> <!-- 6 -->
		<map iso="E07" to="£"/> <!-- 7 -->
		<map iso="E08" to="Ґ"/> <!-- 8 -->
		<map iso="E09" to="¶"/> <!-- 9 -->
		<map iso="E10" to="•"/> <!-- 0 -->
		<map iso="E11" to="–"/> <!-- - -->
		<map iso="E12" to="=" transform="no"/> <!--   base=. -->
		<map iso="D01" to="q"/> <!--   base=, -->
		<map iso="D02" to="w"/> <!--   base=у -->
		<map iso="D03" to="e"/> <!--   base=е -->
		<map iso="D04" to="r"/> <!--   base=и -->
		<map iso="D05" to="t"/> <!--   base=ш -->
		<map iso="D06" to="y"/> <!--   base=щ -->
		<map iso="D07" to="u"/> <!--   base=к -->
		<map iso="D08" to="i"/> <!--   base=с -->
		<map iso="D09" to="o"/> <!--   base=д -->
		<map iso="D10" to="p"/> <!--   base=з -->
		<map iso="D11" to="["/> <!--   base=ц -->
		<map iso="D12" to="]"/> <!--   base=; -->
		<map iso="D13" to="‘"/> <!-- \  base=( -->
		<map iso="C01" to="a"/> <!--   base=ь -->
		<map iso="C02" to="s"/> <!--   base=я -->
		<map iso="C03" to="d"/> <!--   base=а -->
		<map iso="C04" to="f"/> <!--   base=о -->
		<map iso="C05" to="g"/> <!--   base=ж -->
		<map iso="C06" to="h"/> <!--   base=г -->
		<map iso="C07" to="j"/> <!--   base=т -->
		<map iso="C08" to="k"/> <!--   base=н -->
		<map iso="C09" to="l"/> <!--   base=в -->
		<map iso="C10" to=";"/> <!--   base=м -->
		<map iso="C11" to="“"/> <!-- '  base=ч -->
		<map iso="B00" to="§"/> <!-- (key to left of Z) -->
		<map iso="B01" to="z"/> <!--   base=ю -->
		<map iso="B02" to="x"/> <!--   base=й -->
		<map iso="B03" to="c"/> <!--   base=ъ -->
		<map iso="B04" to="v"/> <!--   base=э -->
		<map iso="B05" to="b"/> <!--   base=ф -->
		<map iso="B06" to="n"/> <!--   base=х -->
		<map iso="B07" to="m"/> <!--   base=п -->
		<map iso="B08" to=","/> <!--   base=р -->
		<map iso="B09" to="."/> <!--   base=л -->
		<map iso="B10" to="/"/> <!--   base=б -->
		<map iso="A03" to="\u{A0}"/> <!-- space -->
	</keyMap>
	<transforms type="simple">
		<transform from="` " to="`"/>
		<transform from="`а" to="ђ"/>
		<transform from="`А" to="Ђ"/>
		<transform from="`е" to="ѓ"/>
		<transform from="`Е" to="Ѓ"/>
		<transform from="`и" to="є"/>
		<transform from="`И" to="Є"/>
		<transform from="`о" to="ї"/>
		<transform from="`О" to="Ї"/>
		<transform from="`у" to="љ"/>
		<transform from="`У" to="Љ"/>
		<transform from="`ъ" to="њ"/>
		<transform from="`Ъ" to="Њ"/>
		<transform from="`ы" to="ќ"/>
		<transform from="`Ы" to="Ќ"/>
		<transform from="`э" to="ћ"/>
		<transform from="`Э" to="Ћ"/>
		<transform from="`ю" to="ў"/>
		<transform from="`Ю" to="Ў"/>
		<transform from="`я" to="џ"/>
		<transform from="`Я" to="Џ"/>
		<transform from="~ " to="~"/>
		<transform from="~’" to="|"/>
		<transform from="~&lt;" to="≤"/>
		<transform from="~=" to="≠"/>
		<transform from="~&gt;" to="≥"/>
		<transform from="~C" to="©"/>
		<transform from="~D" to="∆"/>
		<transform from="~E" to="Ё"/>
		<transform from="~J" to="Ј"/>
		<transform from="~R" to="®"/>
		<transform from="~S" to="Ѕ"/>
		<transform from="~V" to="√"/>
	</transforms>
</keyboard>

