<?xml version="1.0" encoding="UTF-8" ?>
<!DOCTYPE keyboard SYSTEM "../dtd/ldmlKeyboard.dtd">
<keyboard locale="chr-t-k0-osx">
	<version platform="10.9" number="$Revision: 11914 $"/>
	<names>
		<name value="Cherokee-Nation"/>
	</names>
	<keyMap>
		<map iso="E00" to="`" transform="no"/>
		<map iso="E01" to="1"/>
		<map iso="E02" to="2"/>
		<map iso="E03" to="3"/>
		<map iso="E04" to="4"/>
		<map iso="E05" to="5"/>
		<map iso="E06" to="6"/>
		<map iso="E07" to="7"/>
		<map iso="E08" to="8"/>
		<map iso="E09" to="9"/>
		<map iso="E10" to="0"/>
		<map iso="E11" to="-" transform="no"/>
		<map iso="E12" to="="/>
		<map iso="D01" to="q"/>
		<map iso="D02" to="w"/>
		<map iso="D03" to="e"/>
		<map iso="D04" to="r"/>
		<map iso="D05" to="t"/>
		<map iso="D06" to="y"/>
		<map iso="D07" to="u"/>
		<map iso="D08" to="i"/>
		<map iso="D09" to="o"/>
		<map iso="D10" to="p"/>
		<map iso="D11" to="["/>
		<map iso="D12" to="]"/>
		<map iso="D13" to="\"/>
		<map iso="C01" to="a"/>
		<map iso="C02" to="s"/>
		<map iso="C03" to="d"/>
		<map iso="C04" to="f"/>
		<map iso="C05" to="g"/>
		<map iso="C06" to="h"/>
		<map iso="C07" to="j"/>
		<map iso="C08" to="k"/>
		<map iso="C09" to="l"/>
		<map iso="C10" to=";"/>
		<map iso="C11" to="&apos;"/>
		<map iso="B00" to="§"/> <!-- (key to left of Z) -->
		<map iso="B01" to="z"/>
		<map iso="B02" to="x"/>
		<map iso="B03" to="c"/>
		<map iso="B04" to="v"/>
		<map iso="B05" to="b"/>
		<map iso="B06" to="n"/>
		<map iso="B07" to="m"/>
		<map iso="B08" to="," transform="no"/>
		<map iso="B09" to="." transform="no"/>
		<map iso="B10" to="/"/>
		<map iso="A03" to=" "/> <!-- space -->
	</keyMap>
	<keyMap modifiers="shift">
		<map iso="E00" to="~"/> <!-- ` -->
		<map iso="E01" to="!"/> <!-- 1 -->
		<map iso="E02" to="@"/> <!-- 2 -->
		<map iso="E03" to="#"/> <!-- 3 -->
		<map iso="E04" to="$"/> <!-- 4 -->
		<map iso="E05" to="%"/> <!-- 5 -->
		<map iso="E06" to="^"/> <!-- 6 -->
		<map iso="E07" to="&amp;"/> <!-- 7 -->
		<map iso="E08" to="*"/> <!-- 8 -->
		<map iso="E09" to="("/> <!-- 9 -->
		<map iso="E10" to=")"/> <!-- 0 -->
		<map iso="E11" to="_"/> <!-- - -->
		<map iso="E12" to="+"/> <!-- = -->
		<map iso="D01" to="Q"/>
		<map iso="D02" to="W"/>
		<map iso="D03" to="E"/>
		<map iso="D04" to="R"/>
		<map iso="D05" to="T"/>
		<map iso="D06" to="Y"/>
		<map iso="D07" to="U"/>
		<map iso="D08" to="I"/>
		<map iso="D09" to="O"/>
		<map iso="D10" to="P"/>
		<map iso="D11" to="{"/> <!-- [ -->
		<map iso="D12" to="}"/> <!-- ] -->
		<map iso="D13" to="|"/> <!-- \ -->
		<map iso="C01" to="A"/>
		<map iso="C02" to="S"/>
		<map iso="C03" to="D"/>
		<map iso="C04" to="F"/>
		<map iso="C05" to="G"/>
		<map iso="C06" to="H"/>
		<map iso="C07" to="J"/>
		<map iso="C08" to="K"/>
		<map iso="C09" to="L"/>
		<map iso="C10" to=":"/> <!-- ; -->
		<map iso="C11" to="\u{22}"/> <!-- '  to= "  -->
		<map iso="B00" to="±"/> <!-- (key to left of Z)  base=§ -->
		<map iso="B01" to="Z"/>
		<map iso="B02" to="X"/>
		<map iso="B03" to="C"/>
		<map iso="B04" to="V"/>
		<map iso="B05" to="B"/>
		<map iso="B06" to="N"/>
		<map iso="B07" to="M"/>
		<map iso="B08" to="&lt;"/> <!-- , -->
		<map iso="B09" to="&gt;"/> <!-- . -->
		<map iso="B10" to="?"/> <!-- / -->
		<map iso="A03" to=" "/> <!-- space -->
	</keyMap>
	<keyMap modifiers="caps">
		<map iso="E00" to="`" transform="no"/>
		<map iso="E01" to="ᏣᎳᎩ"/> <!-- 1 -->
		<map iso="E02" to="ᎣᏏᏲ"/> <!-- 2 -->
		<map iso="E03" to="ᏩᏙ"/> <!-- 3 -->
		<map iso="E04" to="Ꮩ"/> <!-- 4 -->
		<map iso="E05" to="Ꮶ"/> <!-- 5 -->
		<map iso="E06" to="Ꮬ"/> <!-- 6 -->
		<map iso="E07" to="Ꮛ"/> <!-- 7 -->
		<map iso="E08" to="Ꮦ"/> <!-- 8 -->
		<map iso="E09" to="Ꮢ"/> <!-- 9 -->
		<map iso="E10" to="Ꮔ"/> <!-- 0 -->
		<map iso="E11" to="Ꮏ"/> <!-- - -->
		<map iso="E12" to="Ᏻ"/> <!-- = -->
		<map iso="D01" to="Ꭺ"/> <!-- Q -->
		<map iso="D02" to="Ꮃ"/> <!-- W -->
		<map iso="D03" to="Ꭱ"/> <!-- E -->
		<map iso="D04" to="Ꮫ"/> <!-- R -->
		<map iso="D05" to="Ꮤ"/> <!-- T -->
		<map iso="D06" to="Ꮿ"/> <!-- Y -->
		<map iso="D07" to="Ꭴ"/> <!-- U -->
		<map iso="D08" to="Ꭲ"/> <!-- I -->
		<map iso="D09" to="Ꭳ"/> <!-- O -->
		<map iso="D10" to="Ꮑ"/> <!-- P -->
		<map iso="D11" to="Ꮥ"/> <!-- [ -->
		<map iso="D12" to="Ꮆ"/> <!-- ] -->
		<map iso="D13" to="Ꮹ"/> <!-- \ -->
		<map iso="C01" to="Ꭰ"/> <!-- A -->
		<map iso="C02" to="Ꮝ"/> <!-- S -->
		<map iso="C03" to="Ꮧ"/> <!-- D -->
		<map iso="C04" to="Ꭹ"/> <!-- F -->
		<map iso="C05" to="Ꭶ"/> <!-- G -->
		<map iso="C06" to="Ꭿ"/> <!-- H -->
		<map iso="C07" to="Ꮪ"/> <!-- J -->
		<map iso="C08" to="Ꮈ"/> <!-- K -->
		<map iso="C09" to="Ꮅ"/> <!-- L -->
		<map iso="C10" to="Ꮸ"/> <!-- ; -->
		<map iso="C11" to="&apos;" transform="no"/>
		<map iso="B00" to="§"/> <!-- (key to left of Z) -->
		<map iso="B01" to="Ꭼ"/> <!-- Z -->
		<map iso="B02" to="Ᏼ"/> <!-- X -->
		<map iso="B03" to="Ꮣ"/> <!-- C -->
		<map iso="B04" to="Ꭵ"/> <!-- V -->
		<map iso="B05" to="Ꭸ"/> <!-- B -->
		<map iso="B06" to="Ꮎ"/> <!-- N -->
		<map iso="B07" to="Ꮕ"/> <!-- M -->
		<map iso="B08" to="," transform="no"/>
		<map iso="B09" to="." transform="no"/>
		<map iso="B10" to="Ꮒ"/> <!-- / -->
		<map iso="A03" to=" " transform="no"/> <!-- space -->
	</keyMap>
	<keyMap modifiers="caps+shift">
		<map iso="E00" to="Ꮚ"/> <!-- ` -->
		<map iso="E01" to="Ꮁ"/> <!-- 1 -->
		<map iso="E02" to="Ꮗ"/> <!-- 2 -->
		<map iso="E03" to="Ꮷ"/> <!-- 3 -->
		<map iso="E04" to="Ꮀ"/> <!-- 4 -->
		<map iso="E05" to="Ꮉ"/> <!-- 5 -->
		<map iso="E06" to="Ꮭ"/> <!-- 6 -->
		<map iso="E07" to="Ꮱ"/> <!-- 7 -->
		<map iso="E08" to="Ꮊ"/> <!-- 8 -->
		<map iso="E09" to="("/> <!-- 9 -->
		<map iso="E10" to=")"/> <!-- 0 -->
		<map iso="E11" to="Ꮌ"/> <!-- - -->
		<map iso="E12" to="Ꮍ"/> <!-- = -->
		<map iso="D01" to="Ꮖ"/> <!-- Q -->
		<map iso="D02" to="Ꮻ"/> <!-- W -->
		<map iso="D03" to="Ꮳ"/> <!-- E -->
		<map iso="D04" to="Ꮟ"/> <!-- R -->
		<map iso="D05" to="Ꮨ"/> <!-- T -->
		<map iso="D06" to="Ᏺ"/> <!-- Y -->
		<map iso="D07" to="Ꭽ"/> <!-- U -->
		<map iso="D08" to="Ᏹ"/> <!-- I -->
		<map iso="D09" to="Ꮼ"/> <!-- O -->
		<map iso="D10" to="Ꮺ"/> <!-- P -->
		<map iso="D11" to="Ꮡ"/> <!-- [ -->
		<map iso="D12" to="Ꮴ"/> <!-- ] -->
		<map iso="D13" to="Ꮾ"/> <!-- \ -->
		<map iso="C01" to="Ꮜ"/> <!-- A -->
		<map iso="C02" to="Ꮞ"/> <!-- S -->
		<map iso="C03" to="Ꮠ"/> <!-- D -->
		<map iso="C04" to="Ꮘ"/> <!-- F -->
		<map iso="C05" to="Ꮵ"/> <!-- G -->
		<map iso="C06" to="Ꮂ"/> <!-- H -->
		<map iso="C07" to="Ꭻ"/> <!-- J -->
		<map iso="C08" to="Ꭷ"/> <!-- K -->
		<map iso="C09" to="Ꭾ"/> <!-- L -->
		<map iso="C10" to="Ꮰ"/> <!-- ; -->
		<map iso="C11" to="\u{22}" transform="no"/> <!-- '  to= "  -->
		<map iso="B00" to="§"/> <!-- (key to left of Z) -->
		<map iso="B01" to="Ꮓ"/> <!-- Z -->
		<map iso="B02" to="Ꮽ"/> <!-- X -->
		<map iso="B03" to="Ꮯ"/> <!-- C -->
		<map iso="B04" to="Ꮮ"/> <!-- V -->
		<map iso="B05" to="Ᏸ"/> <!-- B -->
		<map iso="B06" to="Ꮋ"/> <!-- N -->
		<map iso="B07" to="Ꮇ"/> <!-- M -->
		<map iso="B08" to="Ꮲ"/> <!-- , -->
		<map iso="B09" to="Ꮄ"/> <!-- . -->
		<map iso="B10" to="Ꮙ"/> <!-- / -->
		<map iso="A03" to=" " transform="no"/> <!-- space -->
	</keyMap>
	<keyMap modifiers="opt+caps?">
		<map iso="E00" to="`"/>
		<map iso="E01" to="¡"/> <!-- 1 -->
		<map iso="E02" to="™"/> <!-- 2 -->
		<map iso="E03" to="£"/> <!-- 3 -->
		<map iso="E04" to="¢"/> <!-- 4 -->
		<map iso="E05" to="§"/> <!-- 5 -->
		<map iso="E06" to="ˆ"/> <!-- 6 -->
		<map iso="E07" to="¶"/> <!-- 7 -->
		<map iso="E08" to="•"/> <!-- 8 -->
		<map iso="E09" to="ª"/> <!-- 9 -->
		<map iso="E10" to="º"/> <!-- 0 -->
		<map iso="E11" to="–"/> <!-- - -->
		<map iso="E12" to="≠"/> <!-- = -->
		<map iso="D01" to="œ"/> <!-- Q -->
		<map iso="D02" to="˙"/> <!-- W -->
		<map iso="D03" to="´"/> <!-- E -->
		<map iso="D04" to="®"/> <!-- R -->
		<map iso="D05" to="þ"/> <!-- T -->
		<map iso="D06" to="¥"/> <!-- Y -->
		<map iso="D07" to="¨"/> <!-- U -->
		<map iso="D08" to="ʼ"/> <!-- I -->
		<map iso="D09" to="ø"/> <!-- O -->
		<map iso="D10" to=","/> <!-- P -->
		<map iso="D11" to="“"/> <!-- [ -->
		<map iso="D12" to="‘"/> <!-- ] -->
		<map iso="D13" to="«"/> <!-- \ -->
		<map iso="C01" to="¯"/> <!-- A -->
		<map iso="C02" to="ß"/> <!-- S -->
		<map iso="C03" to="ð"/> <!-- D -->
		<map iso="C04" to="ƒ"/> <!-- F -->
		<map iso="C05" to="©"/> <!-- G -->
		<map iso="C06" to="ˍ"/> <!-- H -->
		<map iso="C07" to="˝"/> <!-- J -->
		<map iso="C08" to="˚"/> <!-- K -->
		<map iso="C09" to="-"/> <!-- L -->
		<map iso="C10" to="…"/> <!-- ; -->
		<map iso="C11" to="æ"/> <!-- ' -->
		<map iso="B00" to="§"/> <!-- (key to left of Z) -->
		<map iso="B01" to="ˀ"/> <!-- Z -->
		<map iso="B02" to="."/> <!-- X -->
		<map iso="B03" to="¸"/> <!-- C -->
		<map iso="B04" to="ˇ"/> <!-- V -->
		<map iso="B05" to="˘"/> <!-- B -->
		<map iso="B06" to="˜"/> <!-- N -->
		<map iso="B07" to="˛"/> <!-- M -->
		<map iso="B08" to="≤"/> <!-- , -->
		<map iso="B09" to="≥"/> <!-- . -->
		<map iso="B10" to="÷"/> <!-- / -->
		<map iso="A03" to="\u{A0}" transform="no"/> <!-- space -->
	</keyMap>
	<keyMap modifiers="opt+shift+caps?">
		<map iso="E00" to="\u{300}"/> <!-- `  to= ̀  -->
		<map iso="E01" to="⁄"/> <!-- 1 -->
		<map iso="E02" to="€"/> <!-- 2 -->
		<map iso="E03" to="‹"/> <!-- 3 -->
		<map iso="E04" to="›"/> <!-- 4 -->
		<map iso="E05" to="†"/> <!-- 5 -->
		<map iso="E06" to="\u{302}"/> <!-- 6  to= ̂  -->
		<map iso="E07" to="‡"/> <!-- 7 -->
		<map iso="E08" to="°"/> <!-- 8 -->
		<map iso="E09" to="·"/> <!-- 9 -->
		<map iso="E10" to="‚"/> <!-- 0 -->
		<map iso="E11" to="—"/> <!-- - -->
		<map iso="E12" to="±"/> <!-- = -->
		<map iso="D01" to="Œ"/> <!-- Q -->
		<map iso="D02" to="\u{307}"/> <!-- W  to= ̇  -->
		<map iso="D03" to="\u{301}"/> <!-- E  to= ́  -->
		<map iso="D04" to="‰"/> <!-- R -->
		<map iso="D05" to="Þ"/> <!-- T -->
		<map iso="D06" to="\u{A0}\u{30F}"/> <!-- Y  to=  ̏  -->
		<map iso="D07" to="\u{308}"/> <!-- U  to= ̈  -->
		<map iso="D08" to="\u{31B}"/> <!-- I  to= ̛  -->
		<map iso="D09" to="Ø"/> <!-- O -->
		<map iso="D10" to="\u{326}"/> <!-- P  to= ̦  -->
		<map iso="D11" to="”"/> <!-- [ -->
		<map iso="D12" to="’"/> <!-- ] -->
		<map iso="D13" to="»"/> <!-- \ -->
		<map iso="C01" to="\u{304}"/> <!-- A  to= ̄  -->
		<map iso="C02" to="\u{A0}\u{311}"/> <!-- S  to=  ̑  -->
		<map iso="C03" to="Ð"/> <!-- D -->
		<map iso="C04" to="\u{A0}\u{330}"/> <!-- F  to=  ̰  -->
		<map iso="C05" to="‸"/> <!-- G -->
		<map iso="C06" to="\u{331}"/> <!-- H  to= ̱  -->
		<map iso="C07" to="\u{30B}"/> <!-- J  to= ̋  -->
		<map iso="C08" to="\u{30A}"/> <!-- K  to= ̊  -->
		<map iso="C09" to="\u{335}"/> <!-- L  to= ̵  -->
		<map iso="C10" to="№"/> <!-- ; -->
		<map iso="C11" to="Æ"/> <!-- ' -->
		<map iso="B00" to="±"/> <!-- (key to left of Z)  base=§ -->
		<map iso="B01" to="\u{309}"/> <!-- Z  to= ̉  -->
		<map iso="B02" to="\u{323}"/> <!-- X  to= ̣  -->
		<map iso="B03" to="\u{327}"/> <!-- C  to= ̧  -->
		<map iso="B04" to="\u{30C}"/> <!-- V  to= ̌  -->
		<map iso="B05" to="\u{306}"/> <!-- B  to= ̆  -->
		<map iso="B06" to="\u{303}"/> <!-- N  to= ̃  -->
		<map iso="B07" to="\u{328}"/> <!-- M  to= ̨  -->
		<map iso="B08" to="„"/> <!-- , -->
		<map iso="B09" to="ʔ"/> <!-- . -->
		<map iso="B10" to="¿"/> <!-- / -->
		<map iso="A03" to="\u{A0}" transform="no"/> <!-- space -->
	</keyMap>
	<keyMap modifiers="ctrlL+cmd?+opt?+caps? ctrlL+shift+cmd?+optL?+caps? ctrlL+opt+cmd?+caps?+shiftL?">
		<map iso="E00" to="`" transform="no"/>
		<map iso="E01" to="1"/>
		<map iso="E02" to="2" transform="no"/>
		<map iso="E03" to="3" transform="no"/>
		<map iso="E04" to="4"/>
		<map iso="E05" to="5" transform="no"/>
		<map iso="E06" to="6" transform="no"/>
		<map iso="E07" to="7" transform="no"/>
		<map iso="E08" to="8" transform="no"/>
		<map iso="E09" to="9"/>
		<map iso="E10" to="0"/>
		<map iso="E11" to="\u{1F}"/> <!-- - -->
		<map iso="E12" to="="/>
		<map iso="D01" to="\u{11}"/> <!-- Q -->
		<map iso="D02" to="\u{17}"/> <!-- W -->
		<map iso="D03" to="\u{5}"/> <!-- E -->
		<map iso="D04" to="\u{12}"/> <!-- R -->
		<map iso="D05" to="\u{14}"/> <!-- T -->
		<map iso="D06" to="\u{19}"/> <!-- Y -->
		<map iso="D07" to="\u{15}"/> <!-- U -->
		<map iso="D08" to="\u{9}"/> <!-- I -->
		<map iso="D09" to="\u{F}"/> <!-- O -->
		<map iso="D10" to="\u{10}"/> <!-- P -->
		<map iso="D11" to="\u{1B}"/> <!-- [ -->
		<map iso="D12" to="\u{1D}"/> <!-- ] -->
		<map iso="D13" to="\u{1C}"/> <!-- \ -->
		<map iso="C01" to="\u{1}"/> <!-- A -->
		<map iso="C02" to="\u{13}"/> <!-- S -->
		<map iso="C03" to="\u{4}"/> <!-- D -->
		<map iso="C04" to="\u{6}"/> <!-- F -->
		<map iso="C05" to="\u{7}"/> <!-- G -->
		<map iso="C06" to="\u{8}"/> <!-- H -->
		<map iso="C07" to="\u{A}"/> <!-- J -->
		<map iso="C08" to="\u{B}"/> <!-- K -->
		<map iso="C09" to="\u{C}"/> <!-- L -->
		<map iso="C10" to=";"/>
		<map iso="C11" to="&apos;" transform="no"/>
		<map iso="B00" to="0"/> <!-- (key to left of Z)  base=§ -->
		<map iso="B01" to="\u{1A}"/> <!-- Z -->
		<map iso="B02" to="\u{18}"/> <!-- X -->
		<map iso="B03" to="\u{3}"/> <!-- C -->
		<map iso="B04" to="\u{16}"/> <!-- V -->
		<map iso="B05" to="\u{2}"/> <!-- B -->
		<map iso="B06" to="\u{E}"/> <!-- N -->
		<map iso="B07" to="\u{D}"/> <!-- M -->
		<map iso="B08" to="," transform="no"/>
		<map iso="B09" to="." transform="no"/>
		<map iso="B10" to="/"/>
		<map iso="A03" to=" " transform="no"/> <!-- space -->
	</keyMap>
	<transforms type="simple">
		<transform from="\u{A0}\u{30F} " to="\u{A0}\u{30F}"/>
		<transform from="\u{A0}\u{311} " to="\u{A0}\u{311}"/>
		<transform from="\u{A0}\u{330} " to="\u{A0}\u{330}"/>
		<transform from="\u{A0}\u{30F}a" to="ȁ"/>
		<transform from="\u{A0}\u{30F}A" to="Ȁ"/>
		<transform from="\u{A0}\u{311}a" to="ȃ"/>
		<transform from="\u{A0}\u{311}A" to="Ȃ"/>
		<transform from="\u{A0}\u{30F}e" to="ȅ"/>
		<transform from="\u{A0}\u{30F}E" to="Ȅ"/>
		<transform from="\u{A0}\u{311}e" to="ȇ"/>
		<transform from="\u{A0}\u{311}E" to="Ȇ"/>
		<transform from="\u{A0}\u{330}e" to="ḛ"/>
		<transform from="\u{A0}\u{330}E" to="Ḛ"/>
		<transform from="\u{A0}\u{30F}i" to="ȉ"/>
		<transform from="\u{A0}\u{30F}I" to="Ȉ"/>
		<transform from="\u{A0}\u{311}i" to="ȋ"/>
		<transform from="\u{A0}\u{311}I" to="Ȋ"/>
		<transform from="\u{A0}\u{330}i" to="ḭ"/>
		<transform from="\u{A0}\u{330}I" to="Ḭ"/>
		<transform from="\u{A0}\u{30F}o" to="ȍ"/>
		<transform from="\u{A0}\u{30F}O" to="Ȍ"/>
		<transform from="\u{A0}\u{311}o" to="ȏ"/>
		<transform from="\u{A0}\u{311}O" to="Ȏ"/>
		<transform from="\u{A0}\u{30F}r" to="ȑ"/>
		<transform from="\u{A0}\u{30F}R" to="Ȑ"/>
		<transform from="\u{A0}\u{311}r" to="ȓ"/>
		<transform from="\u{A0}\u{311}R" to="Ȓ"/>
		<transform from="\u{A0}\u{30F}u" to="ȕ"/>
		<transform from="\u{A0}\u{30F}U" to="Ȕ"/>
		<transform from="\u{A0}\u{311}u" to="ȗ"/>
		<transform from="\u{A0}\u{311}U" to="Ȗ"/>
		<transform from="\u{A0}\u{330}u" to="ṵ"/>
		<transform from="\u{A0}\u{330}U" to="Ṵ"/>
		<transform from="- " to="-"/>
		<transform from="-b" to="ƀ"/>
		<transform from="-d" to="đ"/>
		<transform from="-D" to="Đ"/>
		<transform from="-g" to="ǥ"/>
		<transform from="-G" to="Ǥ"/>
		<transform from="-h" to="ħ"/>
		<transform from="-H" to="Ħ"/>
		<transform from="-i" to="ɨ"/>
		<transform from="-I" to="Ɨ"/>
		<transform from="-l" to="ł"/>
		<transform from="-L" to="Ł"/>
		<transform from="-o" to="ɵ"/>
		<transform from="-O" to="Ɵ"/>
		<transform from="-t" to="ŧ"/>
		<transform from="-T" to="Ŧ"/>
		<transform from="-u" to="ʉ"/>
		<transform from="-z" to="ƶ"/>
		<transform from="-Z" to="Ƶ"/>
		<transform from=", " to=","/>
		<transform from=",s" to="ș"/>
		<transform from=",S" to="Ș"/>
		<transform from=",t" to="ț"/>
		<transform from=",T" to="Ț"/>
		<transform from=". " to="."/>
		<transform from=".a" to="ạ"/>
		<transform from=".A" to="Ạ"/>
		<transform from=".b" to="ḅ"/>
		<transform from=".B" to="Ḅ"/>
		<transform from=".d" to="ḍ"/>
		<transform from=".D" to="Ḍ"/>
		<transform from=".e" to="ẹ"/>
		<transform from=".E" to="Ẹ"/>
		<transform from=".h" to="ḥ"/>
		<transform from=".H" to="Ḥ"/>
		<transform from=".i" to="ị"/>
		<transform from=".I" to="Ị"/>
		<transform from=".k" to="ḳ"/>
		<transform from=".K" to="Ḳ"/>
		<transform from=".l" to="ḷ"/>
		<transform from=".L" to="Ḷ"/>
		<transform from=".m" to="ṃ"/>
		<transform from=".M" to="Ṃ"/>
		<transform from=".n" to="ṇ"/>
		<transform from=".N" to="Ṇ"/>
		<transform from=".o" to="ọ"/>
		<transform from=".O" to="Ọ"/>
		<transform from=".r" to="ṛ"/>
		<transform from=".R" to="Ṛ"/>
		<transform from=".s" to="ṣ"/>
		<transform from=".S" to="Ṣ"/>
		<transform from=".t" to="ṭ"/>
		<transform from=".T" to="Ṭ"/>
		<transform from=".u" to="ụ"/>
		<transform from=".U" to="Ụ"/>
		<transform from=".v" to="ṿ"/>
		<transform from=".V" to="Ṿ"/>
		<transform from=".w" to="ẉ"/>
		<transform from=".W" to="Ẉ"/>
		<transform from=".y" to="ỵ"/>
		<transform from=".Y" to="Ỵ"/>
		<transform from=".z" to="ẓ"/>
		<transform from=".Z" to="Ẓ"/>
		<transform from="‸ " to="‸"/>
		<transform from="‸d" to="ḓ"/>
		<transform from="‸D" to="Ḓ"/>
		<transform from="‸e" to="ḙ"/>
		<transform from="‸E" to="Ḙ"/>
		<transform from="‸l" to="ḽ"/>
		<transform from="‸L" to="Ḽ"/>
		<transform from="‸n" to="ṋ"/>
		<transform from="‸N" to="Ṋ"/>
		<transform from="‸t" to="ṱ"/>
		<transform from="‸T" to="Ṱ"/>
		<transform from="‸u" to="ṷ"/>
		<transform from="‸U" to="Ṷ"/>
		<transform from="` " to="`"/>
		<transform from="`a" to="à"/>
		<transform from="`A" to="À"/>
		<transform from="`e" to="è"/>
		<transform from="`E" to="È"/>
		<transform from="`i" to="ì"/>
		<transform from="`I" to="Ì"/>
		<transform from="`n" to="ǹ"/>
		<transform from="`N" to="Ǹ"/>
		<transform from="`o" to="ò"/>
		<transform from="`O" to="Ò"/>
		<transform from="`u" to="ù"/>
		<transform from="`U" to="Ù"/>
		<transform from="`v" to="ǜ"/>
		<transform from="`V" to="Ǜ"/>
		<transform from="`w" to="ẁ"/>
		<transform from="`W" to="Ẁ"/>
		<transform from="`y" to="ỳ"/>
		<transform from="`Y" to="Ỳ"/>
		<transform from="´ " to="´"/>
		<transform from="´a" to="á"/>
		<transform from="´A" to="Á"/>
		<transform from="´æ" to="ǽ"/>
		<transform from="´Æ" to="Ǽ"/>
		<transform from="´c" to="ć"/>
		<transform from="´C" to="Ć"/>
		<transform from="´e" to="é"/>
		<transform from="´E" to="É"/>
		<transform from="´g" to="ǵ"/>
		<transform from="´G" to="Ǵ"/>
		<transform from="´i" to="í"/>
		<transform from="´I" to="Í"/>
		<transform from="´k" to="ḱ"/>
		<transform from="´K" to="Ḱ"/>
		<transform from="´l" to="ĺ"/>
		<transform from="´L" to="Ĺ"/>
		<transform from="´m" to="ḿ"/>
		<transform from="´M" to="Ḿ"/>
		<transform from="´n" to="ń"/>
		<transform from="´N" to="Ń"/>
		<transform from="´o" to="ó"/>
		<transform from="´O" to="Ó"/>
		<transform from="´ø" to="ǿ"/>
		<transform from="´Ø" to="Ǿ"/>
		<transform from="´p" to="ṕ"/>
		<transform from="´P" to="Ṕ"/>
		<transform from="´r" to="ŕ"/>
		<transform from="´R" to="Ŕ"/>
		<transform from="´s" to="ś"/>
		<transform from="´S" to="Ś"/>
		<transform from="´u" to="ú"/>
		<transform from="´U" to="Ú"/>
		<transform from="´v" to="ǘ"/>
		<transform from="´V" to="Ǘ"/>
		<transform from="´w" to="ẃ"/>
		<transform from="´W" to="Ẃ"/>
		<transform from="´y" to="ý"/>
		<transform from="´Y" to="Ý"/>
		<transform from="´z" to="ź"/>
		<transform from="´Z" to="Ź"/>
		<transform from="˜ " to="˜"/>
		<transform from="˜a" to="ã"/>
		<transform from="˜A" to="Ã"/>
		<transform from="˜e" to="ẽ"/>
		<transform from="˜E" to="Ẽ"/>
		<transform from="˜i" to="ĩ"/>
		<transform from="˜I" to="Ĩ"/>
		<transform from="˜n" to="ñ"/>
		<transform from="˜N" to="Ñ"/>
		<transform from="˜o" to="õ"/>
		<transform from="˜O" to="Õ"/>
		<transform from="˜u" to="ũ"/>
		<transform from="˜U" to="Ũ"/>
		<transform from="˜v" to="ṽ"/>
		<transform from="˜V" to="Ṽ"/>
		<transform from="˜y" to="ỹ"/>
		<transform from="˜Y" to="Ỹ"/>
		<transform from="¯ " to="¯"/>
		<transform from="¯a" to="ā"/>
		<transform from="¯A" to="Ā"/>
		<transform from="¯æ" to="ǣ"/>
		<transform from="¯Æ" to="Ǣ"/>
		<transform from="¯e" to="ē"/>
		<transform from="¯E" to="Ē"/>
		<transform from="¯g" to="ḡ"/>
		<transform from="¯G" to="Ḡ"/>
		<transform from="¯i" to="ī"/>
		<transform from="¯I" to="Ī"/>
		<transform from="¯l" to="l\u{323}\u{304}"/> <!--  ¯l → ḹ -->
		<transform from="¯L" to="L\u{323}\u{304}"/> <!--  ¯L → Ḹ -->
		<transform from="¯o" to="ō"/>
		<transform from="¯O" to="Ō"/>
		<transform from="¯r" to="r\u{323}\u{304}"/> <!--  ¯r → ṝ -->
		<transform from="¯R" to="R\u{323}\u{304}"/> <!--  ¯R → Ṝ -->
		<transform from="¯s" to="s\u{304}"/> <!--  ¯s → s̄ -->
		<transform from="¯S" to="S\u{304}"/> <!--  ¯S → S̄ -->
		<transform from="¯u" to="ū"/>
		<transform from="¯U" to="Ū"/>
		<transform from="¯v" to="ǖ"/>
		<transform from="¯V" to="Ǖ"/>
		<transform from="¯y" to="ȳ"/>
		<transform from="¯Y" to="Ȳ"/>
		<transform from="¯z" to="z\u{304}"/> <!--  ¯z → z̄ -->
		<transform from="¯Z" to="Z\u{304}"/> <!--  ¯Z → Z̄ -->
		<transform from="˘ " to="˘"/>
		<transform from="˘a" to="ă"/>
		<transform from="˘A" to="Ă"/>
		<transform from="˘e" to="ĕ"/>
		<transform from="˘E" to="Ĕ"/>
		<transform from="˘g" to="ğ"/>
		<transform from="˘G" to="Ğ"/>
		<transform from="˘h" to="ḫ"/>
		<transform from="˘H" to="Ḫ"/>
		<transform from="˘i" to="ĭ"/>
		<transform from="˘I" to="Ĭ"/>
		<transform from="˘o" to="ŏ"/>
		<transform from="˘O" to="Ŏ"/>
		<transform from="˘u" to="ŭ"/>
		<transform from="˘U" to="Ŭ"/>
		<transform from="˙ " to="˙"/>
		<transform from="˙a" to="ȧ"/>
		<transform from="˙A" to="Ȧ"/>
		<transform from="˙b" to="ḃ"/>
		<transform from="˙B" to="Ḃ"/>
		<transform from="˙c" to="ċ"/>
		<transform from="˙C" to="Ċ"/>
		<transform from="˙d" to="ḋ"/>
		<transform from="˙D" to="Ḋ"/>
		<transform from="˙e" to="ė"/>
		<transform from="˙E" to="Ė"/>
		<transform from="˙f" to="ḟ"/>
		<transform from="˙F" to="Ḟ"/>
		<transform from="˙g" to="ġ"/>
		<transform from="˙G" to="Ġ"/>
		<transform from="˙h" to="ḣ"/>
		<transform from="˙H" to="Ḣ"/>
		<transform from="˙i" to="ı"/>
		<transform from="˙I" to="İ"/>
		<transform from="˙m" to="ṁ"/>
		<transform from="˙M" to="Ṁ"/>
		<transform from="˙n" to="ṅ"/>
		<transform from="˙N" to="Ṅ"/>
		<transform from="˙o" to="ȯ"/>
		<transform from="˙O" to="Ȯ"/>
		<transform from="˙p" to="ṗ"/>
		<transform from="˙P" to="Ṗ"/>
		<transform from="˙r" to="ṙ"/>
		<transform from="˙R" to="Ṙ"/>
		<transform from="˙s" to="ṡ"/>
		<transform from="˙S" to="Ṡ"/>
		<transform from="˙t" to="ṫ"/>
		<transform from="˙T" to="Ṫ"/>
		<transform from="˙w" to="ẇ"/>
		<transform from="˙W" to="Ẇ"/>
		<transform from="˙x" to="ẋ"/>
		<transform from="˙X" to="Ẋ"/>
		<transform from="˙y" to="ẏ"/>
		<transform from="˙Y" to="Ẏ"/>
		<transform from="˙z" to="ż"/>
		<transform from="˙Z" to="Ż"/>
		<transform from="¨ " to="¨"/>
		<transform from="¨a" to="ä"/>
		<transform from="¨A" to="Ä"/>
		<transform from="¨e" to="ë"/>
		<transform from="¨E" to="Ë"/>
		<transform from="¨h" to="ḧ"/>
		<transform from="¨H" to="Ḧ"/>
		<transform from="¨i" to="ï"/>
		<transform from="¨I" to="Ï"/>
		<transform from="¨o" to="ö"/>
		<transform from="¨O" to="Ö"/>
		<transform from="¨t" to="ẗ"/>
		<transform from="¨T" to="T\u{308}"/> <!--  ¨T → T̈ -->
		<transform from="¨u" to="ü"/>
		<transform from="¨U" to="Ü"/>
		<transform from="¨w" to="ẅ"/>
		<transform from="¨W" to="Ẅ"/>
		<transform from="¨x" to="ẍ"/>
		<transform from="¨X" to="Ẍ"/>
		<transform from="¨y" to="ÿ"/>
		<transform from="¨Y" to="Ÿ"/>
		<transform from="˚ " to="˚"/>
		<transform from="˚a" to="å"/>
		<transform from="˚A" to="Å"/>
		<transform from="˚e" to="e\u{30A}"/> <!--  ˚e → e̊ -->
		<transform from="˚E" to="E\u{30A}"/> <!--  ˚E → E̊ -->
		<transform from="˚o" to="o\u{30A}"/> <!--  ˚o → o̊ -->
		<transform from="˚O" to="O\u{30A}"/> <!--  ˚O → O̊ -->
		<transform from="˚u" to="ů"/>
		<transform from="˚U" to="Ů"/>
		<transform from="˚w" to="ẘ"/>
		<transform from="˚W" to="W\u{30A}"/> <!--  ˚W → W̊ -->
		<transform from="˚y" to="ẙ"/>
		<transform from="˚Y" to="Y\u{30A}"/> <!--  ˚Y → Y̊ -->
		<transform from="˝ " to="˝"/>
		<transform from="˝o" to="ő"/>
		<transform from="˝O" to="Ő"/>
		<transform from="˝u" to="ű"/>
		<transform from="˝U" to="Ű"/>
		<transform from="¸ " to="¸"/>
		<transform from="¸c" to="ç"/>
		<transform from="¸C" to="Ç"/>
		<transform from="¸d" to="ḑ"/>
		<transform from="¸D" to="Ḑ"/>
		<transform from="¸e" to="ȩ"/>
		<transform from="¸E" to="Ȩ"/>
		<transform from="¸g" to="ģ"/>
		<transform from="¸G" to="Ģ"/>
		<transform from="¸h" to="ḩ"/>
		<transform from="¸H" to="Ḩ"/>
		<transform from="¸k" to="ķ"/>
		<transform from="¸K" to="Ķ"/>
		<transform from="¸l" to="ļ"/>
		<transform from="¸L" to="Ļ"/>
		<transform from="¸n" to="ņ"/>
		<transform from="¸N" to="Ņ"/>
		<transform from="¸r" to="ŗ"/>
		<transform from="¸R" to="Ŗ"/>
		<transform from="¸s" to="ş"/>
		<transform from="¸S" to="Ş"/>
		<transform from="¸t" to="ţ"/>
		<transform from="¸T" to="Ţ"/>
		<transform from="¸z" to="z\u{327}"/> <!--  ¸z → z̧ -->
		<transform from="¸Z" to="Z\u{327}"/> <!--  ¸Z → Z̧ -->
		<transform from="˛ " to="˛"/>
		<transform from="˛a" to="ą"/>
		<transform from="˛A" to="Ą"/>
		<transform from="˛e" to="ę"/>
		<transform from="˛E" to="Ę"/>
		<transform from="˛i" to="į"/>
		<transform from="˛I" to="Į"/>
		<transform from="˛o" to="ǫ"/>
		<transform from="˛O" to="Ǫ"/>
		<transform from="˛u" to="ų"/>
		<transform from="˛U" to="Ų"/>
		<transform from="ˆ " to="ˆ"/>
		<transform from="ˆa" to="â"/>
		<transform from="ˆA" to="Â"/>
		<transform from="ˆc" to="ĉ"/>
		<transform from="ˆC" to="Ĉ"/>
		<transform from="ˆe" to="ê"/>
		<transform from="ˆE" to="Ê"/>
		<transform from="ˆg" to="ĝ"/>
		<transform from="ˆG" to="Ĝ"/>
		<transform from="ˆh" to="ĥ"/>
		<transform from="ˆH" to="Ĥ"/>
		<transform from="ˆi" to="î"/>
		<transform from="ˆI" to="Î"/>
		<transform from="ˆj" to="ĵ"/>
		<transform from="ˆJ" to="Ĵ"/>
		<transform from="ˆm" to="m\u{302}"/> <!--  ˆm → m̂ -->
		<transform from="ˆM" to="M\u{302}"/> <!--  ˆM → M̂ -->
		<transform from="ˆn" to="n\u{302}"/> <!--  ˆn → n̂ -->
		<transform from="ˆN" to="N\u{302}"/> <!--  ˆN → N̂ -->
		<transform from="ˆo" to="ô"/>
		<transform from="ˆO" to="Ô"/>
		<transform from="ˆs" to="ŝ"/>
		<transform from="ˆS" to="Ŝ"/>
		<transform from="ˆu" to="û"/>
		<transform from="ˆU" to="Û"/>
		<transform from="ˆw" to="ŵ"/>
		<transform from="ˆW" to="Ŵ"/>
		<transform from="ˆy" to="ŷ"/>
		<transform from="ˆY" to="Ŷ"/>
		<transform from="ˆz" to="ẑ"/>
		<transform from="ˆZ" to="Ẑ"/>
		<transform from="ˇ " to="ˇ"/>
		<transform from="ˇa" to="ǎ"/>
		<transform from="ˇA" to="Ǎ"/>
		<transform from="ˇc" to="č"/>
		<transform from="ˇC" to="Č"/>
		<transform from="ˇd" to="ď"/>
		<transform from="ˇD" to="Ď"/>
		<transform from="ˇe" to="ě"/>
		<transform from="ˇE" to="Ě"/>
		<transform from="ˇg" to="ǧ"/>
		<transform from="ˇG" to="Ǧ"/>
		<transform from="ˇh" to="ȟ"/>
		<transform from="ˇH" to="Ȟ"/>
		<transform from="ˇi" to="ǐ"/>
		<transform from="ˇI" to="Ǐ"/>
		<transform from="ˇj" to="ǰ"/>
		<transform from="ˇJ" to="J\u{30C}"/> <!--  ˇJ → J̌ -->
		<transform from="ˇk" to="ǩ"/>
		<transform from="ˇK" to="Ǩ"/>
		<transform from="ˇl" to="ľ"/>
		<transform from="ˇL" to="Ľ"/>
		<transform from="ˇn" to="ň"/>
		<transform from="ˇN" to="Ň"/>
		<transform from="ˇo" to="ǒ"/>
		<transform from="ˇO" to="Ǒ"/>
		<transform from="ˇr" to="ř"/>
		<transform from="ˇR" to="Ř"/>
		<transform from="ˇs" to="š"/>
		<transform from="ˇS" to="Š"/>
		<transform from="ˇt" to="ť"/>
		<transform from="ˇT" to="Ť"/>
		<transform from="ˇu" to="ǔ"/>
		<transform from="ˇU" to="Ǔ"/>
		<transform from="ˇv" to="ǚ"/>
		<transform from="ˇV" to="Ǚ"/>
		<transform from="ˇz" to="ž"/>
		<transform from="ˇZ" to="Ž"/>
		<transform from="ˍ " to="ˍ"/>
		<transform from="ˍb" to="ḇ"/>
		<transform from="ˍB" to="Ḇ"/>
		<transform from="ˍd" to="ḏ"/>
		<transform from="ˍD" to="Ḏ"/>
		<transform from="ˍh" to="ẖ"/>
		<transform from="ˍH" to="H\u{331}"/> <!--  ˍH → H̱ -->
		<transform from="ˍk" to="ḵ"/>
		<transform from="ˍK" to="Ḵ"/>
		<transform from="ˍl" to="ḻ"/>
		<transform from="ˍL" to="Ḻ"/>
		<transform from="ˍn" to="ṉ"/>
		<transform from="ˍN" to="Ṉ"/>
		<transform from="ˍr" to="ṟ"/>
		<transform from="ˍR" to="Ṟ"/>
		<transform from="ˍt" to="ṯ"/>
		<transform from="ˍT" to="Ṯ"/>
		<transform from="ˍz" to="ẕ"/>
		<transform from="ˍZ" to="Ẕ"/>
		<transform from="№ " to="№"/>
		<transform from="№&apos;" to="ʹ"/>
		<transform from="№‘" to="ʻ"/>
		<transform from="№’" to="ʼ"/>
		<transform from="№\u{22}" to="ʺ"/> <!--  №" → ʺ -->
		<transform from="№“" to="ʽ"/>
		<transform from="№@" to="Ƨ"/>
		<transform from="№*" to="Ȣ"/>
		<transform from="№#" to="Ɛ"/>
		<transform from="№%" to="Ƽ"/>
		<transform from="№^" to="Ƅ"/>
		<transform from="№2" to="ƨ"/>
		<transform from="№3" to="ɛ"/>
		<transform from="№5" to="ƽ"/>
		<transform from="№6" to="ƅ"/>
		<transform from="№7" to="⁊"/>
		<transform from="№8" to="ȣ"/>
		<transform from="№a" to="ə"/>
		<transform from="№A" to="Ə"/>
		<transform from="№c" to="ɔ"/>
		<transform from="№C" to="Ɔ"/>
		<transform from="№e" to="ǝ"/>
		<transform from="№E" to="Ǝ"/>
		<transform from="№g" to="ɣ"/>
		<transform from="№G" to="Ɣ"/>
		<transform from="№h" to="ƕ"/>
		<transform from="№H" to="Ƕ"/>
		<transform from="№j" to="ƞ"/>
		<transform from="№J" to="Ƞ"/>
		<transform from="№k" to="ĸ"/>
		<transform from="№K" to="K’"/>
		<transform from="№m" to="ɯ"/>
		<transform from="№M" to="Ɯ"/>
		<transform from="№n" to="ŋ"/>
		<transform from="№N" to="Ŋ"/>
		<transform from="№q" to="ƣ"/>
		<transform from="№Q" to="Ƣ"/>
		<transform from="№r" to="ʀ"/>
		<transform from="№R" to="Ʀ"/>
		<transform from="№s" to="ſ"/>
		<transform from="№u" to="ʊ"/>
		<transform from="№U" to="Ʊ"/>
		<transform from="№v" to="ʌ"/>
		<transform from="№w" to="ƿ"/>
		<transform from="№W" to="Ƿ"/>
		<transform from="№y" to="ȝ"/>
		<transform from="№Y" to="Ȝ"/>
		<transform from="№z" to="ʒ"/>
		<transform from="№Z" to="Ʒ"/>
		<transform from="ʔ " to="ʔ"/>
		<transform from="ʔb" to="ɓ"/>
		<transform from="ʔB" to="Ɓ"/>
		<transform from="ʔc" to="ƈ"/>
		<transform from="ʔC" to="Ƈ"/>
		<transform from="ʔd" to="ɗ"/>
		<transform from="ʔD" to="Ɗ"/>
		<transform from="ʔf" to="ƒ"/>
		<transform from="ʔF" to="Ƒ"/>
		<transform from="ʔg" to="ɠ"/>
		<transform from="ʔG" to="Ɠ"/>
		<transform from="ʔh" to="ɦ"/>
		<transform from="ʔi" to="ɩ"/>
		<transform from="ʔI" to="Ɩ"/>
		<transform from="ʔk" to="ƙ"/>
		<transform from="ʔK" to="Ƙ"/>
		<transform from="ʔn" to="ɲ"/>
		<transform from="ʔN" to="Ɲ"/>
		<transform from="ʔp" to="ƥ"/>
		<transform from="ʔP" to="Ƥ"/>
		<transform from="ʔq" to="ʠ"/>
		<transform from="ʔr" to="ʈ"/>
		<transform from="ʔR" to="Ʈ"/>
		<transform from="ʔs" to="ʃ"/>
		<transform from="ʔS" to="Ʃ"/>
		<transform from="ʔt" to="ƭ"/>
		<transform from="ʔT" to="Ƭ"/>
		<transform from="ʔu" to="ʋ"/>
		<transform from="ʔU" to="Ʋ"/>
		<transform from="ʔx" to="ɖ"/>
		<transform from="ʔX" to="Ɖ"/>
		<transform from="ʔy" to="ƴ"/>
		<transform from="ʔY" to="Ƴ"/>
		<transform from="ʔz" to="ȥ"/>
		<transform from="ʔZ" to="Ȥ"/>
		<transform from="ˀ " to="ˀ"/>
		<transform from="ˀa" to="ả"/>
		<transform from="ˀA" to="Ả"/>
		<transform from="ˀe" to="ẻ"/>
		<transform from="ˀE" to="Ẻ"/>
		<transform from="ˀi" to="ỉ"/>
		<transform from="ˀI" to="Ỉ"/>
		<transform from="ˀo" to="ỏ"/>
		<transform from="ˀO" to="Ỏ"/>
		<transform from="ˀu" to="ủ"/>
		<transform from="ˀU" to="Ủ"/>
		<transform from="ˀy" to="ỷ"/>
		<transform from="ˀY" to="Ỷ"/>
		<transform from="ʼ " to="ʼ"/>
		<transform from="ʼo" to="ơ"/>
		<transform from="ʼO" to="Ơ"/>
		<transform from="ʼu" to="ư"/>
		<transform from="ʼU" to="Ư"/>
	</transforms>
</keyboard>

