<?xml version="1.0" encoding="UTF-8" ?>
<!DOCTYPE keyboard SYSTEM "../dtd/ldmlKeyboard.dtd">
<keyboard locale="en-t-k0-osx-colemak">
	<version platform="10.9" number="$Revision: 11914 $"/>
	<names>
		<name value="Colemak"/>
	</names>
	<keyMap>
		<map iso="E00" to="`" transform="no"/>
		<map iso="E01" to="1"/>
		<map iso="E02" to="2"/>
		<map iso="E03" to="3"/>
		<map iso="E04" to="4"/>
		<map iso="E05" to="5"/>
		<map iso="E06" to="6"/>
		<map iso="E07" to="7"/>
		<map iso="E08" to="8"/>
		<map iso="E09" to="9"/>
		<map iso="E10" to="0"/>
		<map iso="E11" to="-"/>
		<map iso="E12" to="="/>
		<map iso="D01" to="q"/>
		<map iso="D02" to="w"/>
		<map iso="D03" to="f"/> <!-- E -->
		<map iso="D04" to="p"/> <!-- R -->
		<map iso="D05" to="g"/> <!-- T -->
		<map iso="D06" to="j"/> <!-- Y -->
		<map iso="D07" to="l"/> <!-- U -->
		<map iso="D08" to="u"/> <!-- I -->
		<map iso="D09" to="y"/> <!-- O -->
		<map iso="D10" to=";"/> <!-- P -->
		<map iso="D11" to="["/>
		<map iso="D12" to="]"/>
		<map iso="D13" to="\"/>
		<map iso="C01" to="a"/>
		<map iso="C02" to="r"/> <!-- S -->
		<map iso="C03" to="s"/> <!-- D -->
		<map iso="C04" to="t"/> <!-- F -->
		<map iso="C05" to="d"/> <!-- G -->
		<map iso="C06" to="h"/>
		<map iso="C07" to="n"/> <!-- J -->
		<map iso="C08" to="e"/> <!-- K -->
		<map iso="C09" to="i"/> <!-- L -->
		<map iso="C10" to="o"/> <!-- ; -->
		<map iso="C11" to="&apos;"/>
		<map iso="B00" to="§"/> <!-- (key to left of Z) -->
		<map iso="B01" to="z"/>
		<map iso="B02" to="x"/>
		<map iso="B03" to="c"/>
		<map iso="B04" to="v"/>
		<map iso="B05" to="b"/>
		<map iso="B06" to="k"/> <!-- N -->
		<map iso="B07" to="m"/>
		<map iso="B08" to=","/>
		<map iso="B09" to="."/>
		<map iso="B10" to="/"/>
		<map iso="A03" to=" "/> <!-- space -->
	</keyMap>
	<keyMap modifiers="shift+caps?">
		<map iso="E00" to="~"/> <!-- ` -->
		<map iso="E01" to="!"/> <!-- 1 -->
		<map iso="E02" to="@"/> <!-- 2 -->
		<map iso="E03" to="#"/> <!-- 3 -->
		<map iso="E04" to="$"/> <!-- 4 -->
		<map iso="E05" to="%"/> <!-- 5 -->
		<map iso="E06" to="^"/> <!-- 6 -->
		<map iso="E07" to="&amp;"/> <!-- 7 -->
		<map iso="E08" to="*"/> <!-- 8 -->
		<map iso="E09" to="("/> <!-- 9 -->
		<map iso="E10" to=")"/> <!-- 0 -->
		<map iso="E11" to="_"/> <!-- - -->
		<map iso="E12" to="+"/> <!-- = -->
		<map iso="D01" to="Q"/>
		<map iso="D02" to="W"/>
		<map iso="D03" to="F"/> <!-- E -->
		<map iso="D04" to="P"/> <!-- R -->
		<map iso="D05" to="G"/> <!-- T -->
		<map iso="D06" to="J"/> <!-- Y -->
		<map iso="D07" to="L"/> <!-- U -->
		<map iso="D08" to="U"/> <!-- I -->
		<map iso="D09" to="Y"/> <!-- O -->
		<map iso="D10" to=":"/> <!-- P  base=; -->
		<map iso="D11" to="{"/> <!-- [ -->
		<map iso="D12" to="}"/> <!-- ] -->
		<map iso="D13" to="|"/> <!-- \ -->
		<map iso="C01" to="A"/>
		<map iso="C02" to="R"/> <!-- S -->
		<map iso="C03" to="S"/> <!-- D -->
		<map iso="C04" to="T"/> <!-- F -->
		<map iso="C05" to="D"/> <!-- G -->
		<map iso="C06" to="H"/>
		<map iso="C07" to="N"/> <!-- J -->
		<map iso="C08" to="E"/> <!-- K -->
		<map iso="C09" to="I"/> <!-- L -->
		<map iso="C10" to="O"/> <!-- ; -->
		<map iso="C11" to="\u{22}"/> <!-- '  to= "  -->
		<map iso="B00" to="±"/> <!-- (key to left of Z)  base=§ -->
		<map iso="B01" to="Z"/>
		<map iso="B02" to="X"/>
		<map iso="B03" to="C"/>
		<map iso="B04" to="V"/>
		<map iso="B05" to="B"/>
		<map iso="B06" to="K"/> <!-- N -->
		<map iso="B07" to="M"/>
		<map iso="B08" to="&lt;"/> <!-- , -->
		<map iso="B09" to="&gt;"/> <!-- . -->
		<map iso="B10" to="?"/> <!-- / -->
		<map iso="A03" to=" "/> <!-- space -->
	</keyMap>
	<keyMap modifiers="caps">
		<map iso="E00" to="`" transform="no"/>
		<map iso="E01" to="1"/>
		<map iso="E02" to="2"/>
		<map iso="E03" to="3"/>
		<map iso="E04" to="4"/>
		<map iso="E05" to="5"/>
		<map iso="E06" to="6"/>
		<map iso="E07" to="7"/>
		<map iso="E08" to="8"/>
		<map iso="E09" to="9"/>
		<map iso="E10" to="0"/>
		<map iso="E11" to="-"/>
		<map iso="E12" to="="/>
		<map iso="D01" to="Q"/>
		<map iso="D02" to="W"/>
		<map iso="D03" to="F"/> <!-- E -->
		<map iso="D04" to="P"/> <!-- R -->
		<map iso="D05" to="G"/> <!-- T -->
		<map iso="D06" to="J"/> <!-- Y -->
		<map iso="D07" to="L"/> <!-- U -->
		<map iso="D08" to="U"/> <!-- I -->
		<map iso="D09" to="Y"/> <!-- O -->
		<map iso="D10" to=";"/> <!-- P -->
		<map iso="D11" to="["/>
		<map iso="D12" to="]"/>
		<map iso="D13" to="\"/>
		<map iso="C01" to="A"/>
		<map iso="C02" to="R"/> <!-- S -->
		<map iso="C03" to="S"/> <!-- D -->
		<map iso="C04" to="T"/> <!-- F -->
		<map iso="C05" to="D"/> <!-- G -->
		<map iso="C06" to="H"/>
		<map iso="C07" to="N"/> <!-- J -->
		<map iso="C08" to="E"/> <!-- K -->
		<map iso="C09" to="I"/> <!-- L -->
		<map iso="C10" to="O"/> <!-- ; -->
		<map iso="C11" to="&apos;"/>
		<map iso="B00" to="§"/> <!-- (key to left of Z) -->
		<map iso="B01" to="Z"/>
		<map iso="B02" to="X"/>
		<map iso="B03" to="C"/>
		<map iso="B04" to="V"/>
		<map iso="B05" to="B"/>
		<map iso="B06" to="K"/> <!-- N -->
		<map iso="B07" to="M"/>
		<map iso="B08" to=","/>
		<map iso="B09" to="."/>
		<map iso="B10" to="/"/>
		<map iso="A03" to=" "/> <!-- space -->
	</keyMap>
	<keyMap modifiers="opt">
		<map iso="E00" to="`"/>
		<map iso="E01" to="¡"/> <!-- 1 -->
		<map iso="E02" to="™"/> <!-- 2 -->
		<map iso="E03" to="£"/> <!-- 3 -->
		<map iso="E04" to="¢"/> <!-- 4 -->
		<map iso="E05" to="∞"/> <!-- 5 -->
		<map iso="E06" to="§"/> <!-- 6 -->
		<map iso="E07" to="¶"/> <!-- 7 -->
		<map iso="E08" to="•"/> <!-- 8 -->
		<map iso="E09" to="ª"/> <!-- 9 -->
		<map iso="E10" to="º"/> <!-- 0 -->
		<map iso="E11" to="–"/> <!-- - -->
		<map iso="E12" to="≠"/> <!-- = -->
		<map iso="D01" to="œ"/> <!-- Q -->
		<map iso="D02" to="∑"/> <!-- W -->
		<map iso="D03" to="ƒ"/> <!-- E  base=f -->
		<map iso="D04" to="π"/> <!-- R  base=p -->
		<map iso="D05" to="©"/> <!-- T  base=g -->
		<map iso="D06" to="∆"/> <!-- Y  base=j -->
		<map iso="D07" to="¬"/> <!-- U  base=l -->
		<map iso="D08" to="¨"/> <!-- I  base=u -->
		<map iso="D09" to="¥"/> <!-- O  base=y -->
		<map iso="D10" to="…"/> <!-- P  base=; -->
		<map iso="D11" to="“"/> <!-- [ -->
		<map iso="D12" to="‘"/> <!-- ] -->
		<map iso="D13" to="«"/> <!-- \ -->
		<map iso="C01" to="å"/> <!-- A -->
		<map iso="C02" to="®"/> <!-- S  base=r -->
		<map iso="C03" to="ß"/> <!-- D  base=s -->
		<map iso="C04" to="†"/> <!-- F  base=t -->
		<map iso="C05" to="∂"/> <!-- G  base=d -->
		<map iso="C06" to="˙"/> <!-- H -->
		<map iso="C07" to="˜"/> <!-- J  base=n -->
		<map iso="C08" to="´"/> <!-- K  base=e -->
		<map iso="C09" to="ˆ"/> <!-- L  base=i -->
		<map iso="C10" to="ø"/> <!-- ;  base=o -->
		<map iso="C11" to="æ"/> <!-- ' -->
		<map iso="B00" to="§"/> <!-- (key to left of Z) -->
		<map iso="B01" to="Ω"/> <!-- Z -->
		<map iso="B02" to="≈"/> <!-- X -->
		<map iso="B03" to="ç"/> <!-- C -->
		<map iso="B04" to="√"/> <!-- V -->
		<map iso="B05" to="∫"/> <!-- B -->
		<map iso="B06" to="˚"/> <!-- N  base=k -->
		<map iso="B07" to="µ"/> <!-- M -->
		<map iso="B08" to="≤"/> <!-- , -->
		<map iso="B09" to="≥"/> <!-- . -->
		<map iso="B10" to="÷"/> <!-- / -->
		<map iso="A03" to="\u{A0}"/> <!-- space -->
	</keyMap>
	<keyMap modifiers="opt+shift+cmd?+caps?">
		<map iso="E00" to="`" transform="no"/>
		<map iso="E01" to="⁄"/> <!-- 1 -->
		<map iso="E02" to="€"/> <!-- 2 -->
		<map iso="E03" to="‹"/> <!-- 3 -->
		<map iso="E04" to="›"/> <!-- 4 -->
		<map iso="E05" to="ﬁ"/> <!-- 5 -->
		<map iso="E06" to="ﬂ"/> <!-- 6 -->
		<map iso="E07" to="‡"/> <!-- 7 -->
		<map iso="E08" to="°"/> <!-- 8 -->
		<map iso="E09" to="·"/> <!-- 9 -->
		<map iso="E10" to="‚"/> <!-- 0 -->
		<map iso="E11" to="—"/> <!-- - -->
		<map iso="E12" to="±"/> <!-- = -->
		<map iso="D01" to="Œ"/> <!-- Q -->
		<map iso="D02" to="„"/> <!-- W -->
		<map iso="D03" to="Ï"/> <!-- E  base=f -->
		<map iso="D04" to="∏"/> <!-- R  base=p -->
		<map iso="D05" to="˝"/> <!-- T  base=g -->
		<map iso="D06" to="Ô"/> <!-- Y  base=j -->
		<map iso="D07" to="Ò"/> <!-- U  base=l -->
		<map iso="D08" to="¨" transform="no"/> <!-- I  base=u -->
		<map iso="D09" to="Á"/> <!-- O  base=y -->
		<map iso="D10" to="Ú"/> <!-- P  base=; -->
		<map iso="D11" to="”"/> <!-- [ -->
		<map iso="D12" to="’"/> <!-- ] -->
		<map iso="D13" to="»"/> <!-- \ -->
		<map iso="C01" to="Å"/> <!-- A -->
		<map iso="C02" to="‰"/> <!-- S  base=r -->
		<map iso="C03" to="Í"/> <!-- D  base=s -->
		<map iso="C04" to="ˇ"/> <!-- F  base=t -->
		<map iso="C05" to="Î"/> <!-- G  base=d -->
		<map iso="C06" to="Ó"/> <!-- H -->
		<map iso="C07" to="˜" transform="no"/> <!-- J  base=n -->
		<map iso="C08" to="´" transform="no"/> <!-- K  base=e -->
		<map iso="C09" to="ˆ" transform="no"/> <!-- L  base=i -->
		<map iso="C10" to="Ø"/> <!-- ;  base=o -->
		<map iso="C11" to="Æ"/> <!-- ' -->
		<map iso="B00" to="±"/> <!-- (key to left of Z)  base=§ -->
		<map iso="B01" to="¸"/> <!-- Z -->
		<map iso="B02" to="˛"/> <!-- X -->
		<map iso="B03" to="Ç"/> <!-- C -->
		<map iso="B04" to="◊"/> <!-- V -->
		<map iso="B05" to="ı"/> <!-- B -->
		<map iso="B06" to="\u{F8FF}"/> <!-- N  base=k -->
		<map iso="B07" to="Â"/> <!-- M -->
		<map iso="B08" to="¯"/> <!-- , -->
		<map iso="B09" to="˘"/> <!-- . -->
		<map iso="B10" to="¿"/> <!-- / -->
		<map iso="A03" to="\u{A0}"/> <!-- space -->
	</keyMap>
	<keyMap modifiers="opt+caps">
		<map iso="E00" to="`" transform="no"/>
		<map iso="E01" to="¡"/> <!-- 1 -->
		<map iso="E02" to="™"/> <!-- 2 -->
		<map iso="E03" to="£"/> <!-- 3 -->
		<map iso="E04" to="¢"/> <!-- 4 -->
		<map iso="E05" to="∞"/> <!-- 5 -->
		<map iso="E06" to="§"/> <!-- 6 -->
		<map iso="E07" to="¶"/> <!-- 7 -->
		<map iso="E08" to="•"/> <!-- 8 -->
		<map iso="E09" to="ª"/> <!-- 9 -->
		<map iso="E10" to="º"/> <!-- 0 -->
		<map iso="E11" to="–"/> <!-- - -->
		<map iso="E12" to="≠"/> <!-- = -->
		<map iso="D01" to="Œ"/> <!-- Q -->
		<map iso="D02" to="∑"/> <!-- W -->
		<map iso="D03" to="Ï"/> <!-- E  base=f -->
		<map iso="D04" to="∏"/> <!-- R  base=p -->
		<map iso="D05" to="©"/> <!-- T  base=g -->
		<map iso="D06" to="Ô"/> <!-- Y  base=j -->
		<map iso="D07" to="Ò"/> <!-- U  base=l -->
		<map iso="D08" to="¨" transform="no"/> <!-- I  base=u -->
		<map iso="D09" to="Á"/> <!-- O  base=y -->
		<map iso="D10" to="…"/> <!-- P  base=; -->
		<map iso="D11" to="“"/> <!-- [ -->
		<map iso="D12" to="‘"/> <!-- ] -->
		<map iso="D13" to="«"/> <!-- \ -->
		<map iso="C01" to="Å"/> <!-- A -->
		<map iso="C02" to="®"/> <!-- S  base=r -->
		<map iso="C03" to="Í"/> <!-- D  base=s -->
		<map iso="C04" to="†"/> <!-- F  base=t -->
		<map iso="C05" to="Î"/> <!-- G  base=d -->
		<map iso="C06" to="Ó"/> <!-- H -->
		<map iso="C07" to="˜" transform="no"/> <!-- J  base=n -->
		<map iso="C08" to="´" transform="no"/> <!-- K  base=e -->
		<map iso="C09" to="ˆ" transform="no"/> <!-- L  base=i -->
		<map iso="C10" to="Ø"/> <!-- ;  base=o -->
		<map iso="C11" to="Æ"/> <!-- ' -->
		<map iso="B00" to="§"/> <!-- (key to left of Z) -->
		<map iso="B01" to="Ω"/> <!-- Z -->
		<map iso="B02" to="≈"/> <!-- X -->
		<map iso="B03" to="Ç"/> <!-- C -->
		<map iso="B04" to="√"/> <!-- V -->
		<map iso="B05" to="ı"/> <!-- B -->
		<map iso="B06" to="˚"/> <!-- N  base=k -->
		<map iso="B07" to="Â"/> <!-- M -->
		<map iso="B08" to="≤"/> <!-- , -->
		<map iso="B09" to="≥"/> <!-- . -->
		<map iso="B10" to="÷"/> <!-- / -->
		<map iso="A03" to="\u{A0}"/> <!-- space -->
	</keyMap>
	<keyMap modifiers="ctrlL+cmd?+opt?+caps? ctrlL+shift+cmd?+optL?+caps? ctrlL+opt+cmd?+caps?+shiftL?">
		<map iso="E00" to="`" transform="no"/>
		<map iso="E01" to="1"/>
		<map iso="E02" to="2"/>
		<map iso="E03" to="3"/>
		<map iso="E04" to="4"/>
		<map iso="E05" to="5"/>
		<map iso="E06" to="6"/>
		<map iso="E07" to="7"/>
		<map iso="E08" to="8"/>
		<map iso="E09" to="9"/>
		<map iso="E10" to="0"/>
		<map iso="E11" to="\u{1F}"/> <!-- - -->
		<map iso="E12" to="="/>
		<map iso="D01" to="\u{11}"/> <!-- Q -->
		<map iso="D02" to="\u{17}"/> <!-- W -->
		<map iso="D03" to="\u{6}"/> <!-- E  base=f -->
		<map iso="D04" to="\u{10}"/> <!-- R  base=p -->
		<map iso="D05" to="\u{7}"/> <!-- T  base=g -->
		<map iso="D06" to="\u{A}"/> <!-- Y  base=j -->
		<map iso="D07" to="\u{C}"/> <!-- U  base=l -->
		<map iso="D08" to="\u{15}"/> <!-- I  base=u -->
		<map iso="D09" to="\u{19}"/> <!-- O  base=y -->
		<map iso="D10" to=";"/> <!-- P -->
		<map iso="D11" to="\u{1B}"/> <!-- [ -->
		<map iso="D12" to="\u{1D}"/> <!-- ] -->
		<map iso="D13" to="\u{1C}"/> <!-- \ -->
		<map iso="C01" to="\u{1}"/> <!-- A -->
		<map iso="C02" to="\u{12}"/> <!-- S  base=r -->
		<map iso="C03" to="\u{13}"/> <!-- D  base=s -->
		<map iso="C04" to="\u{14}"/> <!-- F  base=t -->
		<map iso="C05" to="\u{4}"/> <!-- G  base=d -->
		<map iso="C06" to="\u{8}"/> <!-- H -->
		<map iso="C07" to="\u{E}"/> <!-- J  base=n -->
		<map iso="C08" to="\u{5}"/> <!-- K  base=e -->
		<map iso="C09" to="\u{9}"/> <!-- L  base=i -->
		<map iso="C10" to="\u{F}"/> <!-- ;  base=o -->
		<map iso="C11" to="&apos;"/>
		<map iso="B00" to="0"/> <!-- (key to left of Z)  base=§ -->
		<map iso="B01" to="\u{1A}"/> <!-- Z -->
		<map iso="B02" to="\u{18}"/> <!-- X -->
		<map iso="B03" to="\u{3}"/> <!-- C -->
		<map iso="B04" to="\u{16}"/> <!-- V -->
		<map iso="B05" to="\u{2}"/> <!-- B -->
		<map iso="B06" to="\u{B}"/> <!-- N  base=k -->
		<map iso="B07" to="\u{D}"/> <!-- M -->
		<map iso="B08" to=","/>
		<map iso="B09" to="."/>
		<map iso="B10" to="/"/>
		<map iso="A03" to=" "/> <!-- space -->
	</keyMap>
	<keyMap modifiers="cmd+opt+caps?">
		<map iso="E00" to="`" transform="no"/>
		<map iso="E01" to="¡"/> <!-- 1 -->
		<map iso="E02" to="™"/> <!-- 2 -->
		<map iso="E03" to="£"/> <!-- 3 -->
		<map iso="E04" to="¢"/> <!-- 4 -->
		<map iso="E05" to="∞"/> <!-- 5 -->
		<map iso="E06" to="§"/> <!-- 6 -->
		<map iso="E07" to="¶"/> <!-- 7 -->
		<map iso="E08" to="•"/> <!-- 8 -->
		<map iso="E09" to="ª"/> <!-- 9 -->
		<map iso="E10" to="º"/> <!-- 0 -->
		<map iso="E11" to="–"/> <!-- - -->
		<map iso="E12" to="≠"/> <!-- = -->
		<map iso="D01" to="œ"/> <!-- Q -->
		<map iso="D02" to="∑"/> <!-- W -->
		<map iso="D03" to="´" transform="no"/> <!-- E  base=f -->
		<map iso="D04" to="®"/> <!-- R  base=p -->
		<map iso="D05" to="†"/> <!-- T  base=g -->
		<map iso="D06" to="¥"/> <!-- Y  base=j -->
		<map iso="D07" to="¨" transform="no"/> <!-- U  base=l -->
		<map iso="D08" to="^"/> <!-- I  base=u -->
		<map iso="D09" to="ø"/> <!-- O  base=y -->
		<map iso="D10" to="π"/> <!-- P  base=; -->
		<map iso="D11" to="“"/> <!-- [ -->
		<map iso="D12" to="‘"/> <!-- ] -->
		<map iso="D13" to="«"/> <!-- \ -->
		<map iso="C01" to="å"/> <!-- A -->
		<map iso="C02" to="ß"/> <!-- S  base=r -->
		<map iso="C03" to="∂"/> <!-- D  base=s -->
		<map iso="C04" to="ƒ"/> <!-- F  base=t -->
		<map iso="C05" to="©"/> <!-- G  base=d -->
		<map iso="C06" to="˙"/> <!-- H -->
		<map iso="C07" to="∆"/> <!-- J  base=n -->
		<map iso="C08" to="˚"/> <!-- K  base=e -->
		<map iso="C09" to="¬"/> <!-- L  base=i -->
		<map iso="C10" to="…"/> <!-- ;  base=o -->
		<map iso="C11" to="æ"/> <!-- ' -->
		<map iso="B00" to="§"/> <!-- (key to left of Z) -->
		<map iso="B01" to="Ω"/> <!-- Z -->
		<map iso="B02" to="≈"/> <!-- X -->
		<map iso="B03" to="ç"/> <!-- C -->
		<map iso="B04" to="√"/> <!-- V -->
		<map iso="B05" to="∫"/> <!-- B -->
		<map iso="B06" to="~"/> <!-- N  base=k -->
		<map iso="B07" to="µ"/> <!-- M -->
		<map iso="B08" to="≤"/> <!-- , -->
		<map iso="B09" to="≥"/> <!-- . -->
		<map iso="B10" to="÷"/> <!-- / -->
		<map iso="A03" to="\u{A0}"/> <!-- space -->
	</keyMap>
	<transforms type="simple">
		<transform from="` " to="`"/>
		<transform from="`a" to="à"/>
		<transform from="`A" to="À"/>
		<transform from="`e" to="è"/>
		<transform from="`F" to="È"/>
		<transform from="`i" to="ì"/>
		<transform from="`L" to="Ù"/>
		<transform from="`o" to="ò"/>
		<transform from="`u" to="ù"/>
		<transform from="`U" to="Ì"/>
		<transform from="`Y" to="Ò"/>
		<transform from="´ " to="´"/>
		<transform from="´a" to="á"/>
		<transform from="´e" to="é"/>
		<transform from="´i" to="í"/>
		<transform from="´o" to="ó"/>
		<transform from="´u" to="ú"/>
		<transform from="˜ " to="˜"/>
		<transform from="˜a" to="ã"/>
		<transform from="˜A" to="Ã"/>
		<transform from="˜K" to="Ñ"/>
		<transform from="˜n" to="ñ"/>
		<transform from="˜o" to="õ"/>
		<transform from="˜Y" to="Õ"/>
		<transform from="¨ " to="¨"/>
		<transform from="¨a" to="ä"/>
		<transform from="¨A" to="Ä"/>
		<transform from="¨e" to="ë"/>
		<transform from="¨F" to="Ë"/>
		<transform from="¨i" to="ï"/>
		<transform from="¨J" to="Ÿ"/>
		<transform from="¨L" to="Ü"/>
		<transform from="¨o" to="ö"/>
		<transform from="¨u" to="ü"/>
		<transform from="¨U" to="Ï"/>
		<transform from="¨y" to="ÿ"/>
		<transform from="¨Y" to="Ö"/>
		<transform from="ˆ " to="ˆ"/>
		<transform from="ˆa" to="â"/>
		<transform from="ˆA" to="Â"/>
		<transform from="ˆe" to="ê"/>
		<transform from="ˆF" to="Ê"/>
		<transform from="ˆi" to="î"/>
		<transform from="ˆL" to="Û"/>
		<transform from="ˆo" to="ô"/>
		<transform from="ˆu" to="û"/>
		<transform from="ˆU" to="Î"/>
		<transform from="ˆY" to="Ô"/>
	</transforms>
</keyboard>

