<?xml version="1.0" encoding="UTF-8" ?>
<!DOCTYPE keyboard SYSTEM "../dtd/ldmlKeyboard.dtd">
<keyboard locale="ga-t-k0-osx">
	<version platform="10.9" number="$Revision: 11914 $"/>
	<names>
		<name value="Irish"/>
	</names>
	<keyMap>
		<map iso="E00" to="`" transform="no"/>
		<map iso="E01" to="1"/>
		<map iso="E02" to="2"/>
		<map iso="E03" to="3"/>
		<map iso="E04" to="4"/>
		<map iso="E05" to="5"/>
		<map iso="E06" to="6"/>
		<map iso="E07" to="7"/>
		<map iso="E08" to="8"/>
		<map iso="E09" to="9"/>
		<map iso="E10" to="0"/>
		<map iso="E11" to="-"/>
		<map iso="E12" to="="/>
		<map iso="D01" to="q"/>
		<map iso="D02" to="w"/>
		<map iso="D03" to="e"/>
		<map iso="D04" to="r"/>
		<map iso="D05" to="t"/>
		<map iso="D06" to="y"/>
		<map iso="D07" to="u"/>
		<map iso="D08" to="i"/>
		<map iso="D09" to="o"/>
		<map iso="D10" to="p"/>
		<map iso="D11" to="["/>
		<map iso="D12" to="]"/>
		<map iso="D13" to="\"/>
		<map iso="C01" to="a"/>
		<map iso="C02" to="s"/>
		<map iso="C03" to="d"/>
		<map iso="C04" to="f"/>
		<map iso="C05" to="g"/>
		<map iso="C06" to="h"/>
		<map iso="C07" to="j"/>
		<map iso="C08" to="k"/>
		<map iso="C09" to="l"/>
		<map iso="C10" to=";"/>
		<map iso="C11" to="&apos;"/>
		<map iso="B00" to="§"/> <!-- (key to left of Z) -->
		<map iso="B01" to="z"/>
		<map iso="B02" to="x"/>
		<map iso="B03" to="c"/>
		<map iso="B04" to="v"/>
		<map iso="B05" to="b"/>
		<map iso="B06" to="n"/>
		<map iso="B07" to="m"/>
		<map iso="B08" to=","/>
		<map iso="B09" to="."/>
		<map iso="B10" to="/"/>
		<map iso="A03" to=" "/> <!-- space -->
	</keyMap>
	<keyMap modifiers="shift+caps?">
		<map iso="E00" to="~"/> <!-- ` -->
		<map iso="E01" to="!"/> <!-- 1 -->
		<map iso="E02" to="@"/> <!-- 2 -->
		<map iso="E03" to="£"/> <!-- 3 -->
		<map iso="E04" to="$"/> <!-- 4 -->
		<map iso="E05" to="%"/> <!-- 5 -->
		<map iso="E06" to="^"/> <!-- 6 -->
		<map iso="E07" to="&amp;"/> <!-- 7 -->
		<map iso="E08" to="*"/> <!-- 8 -->
		<map iso="E09" to="("/> <!-- 9 -->
		<map iso="E10" to=")"/> <!-- 0 -->
		<map iso="E11" to="_"/> <!-- - -->
		<map iso="E12" to="+"/> <!-- = -->
		<map iso="D01" to="Q"/>
		<map iso="D02" to="W"/>
		<map iso="D03" to="E"/>
		<map iso="D04" to="R"/>
		<map iso="D05" to="T"/>
		<map iso="D06" to="Y"/>
		<map iso="D07" to="U"/>
		<map iso="D08" to="I"/>
		<map iso="D09" to="O"/>
		<map iso="D10" to="P"/>
		<map iso="D11" to="{"/> <!-- [ -->
		<map iso="D12" to="}"/> <!-- ] -->
		<map iso="D13" to="|"/> <!-- \ -->
		<map iso="C01" to="A"/>
		<map iso="C02" to="S"/>
		<map iso="C03" to="D"/>
		<map iso="C04" to="F"/>
		<map iso="C05" to="G"/>
		<map iso="C06" to="H"/>
		<map iso="C07" to="J"/>
		<map iso="C08" to="K"/>
		<map iso="C09" to="L"/>
		<map iso="C10" to=":"/> <!-- ; -->
		<map iso="C11" to="\u{22}"/> <!-- '  to= "  -->
		<map iso="B00" to="±"/> <!-- (key to left of Z)  base=§ -->
		<map iso="B01" to="Z"/>
		<map iso="B02" to="X"/>
		<map iso="B03" to="C"/>
		<map iso="B04" to="V"/>
		<map iso="B05" to="B"/>
		<map iso="B06" to="N"/>
		<map iso="B07" to="M"/>
		<map iso="B08" to="&lt;"/> <!-- , -->
		<map iso="B09" to="&gt;"/> <!-- . -->
		<map iso="B10" to="?"/> <!-- / -->
		<map iso="A03" to=" "/> <!-- space -->
	</keyMap>
	<keyMap modifiers="caps+cmd?">
		<map iso="E00" to="`" transform="no"/>
		<map iso="E01" to="1"/>
		<map iso="E02" to="2"/>
		<map iso="E03" to="3"/>
		<map iso="E04" to="4"/>
		<map iso="E05" to="5"/>
		<map iso="E06" to="6"/>
		<map iso="E07" to="7"/>
		<map iso="E08" to="8"/>
		<map iso="E09" to="9"/>
		<map iso="E10" to="0"/>
		<map iso="E11" to="-"/>
		<map iso="E12" to="="/>
		<map iso="D01" to="Q"/>
		<map iso="D02" to="W"/>
		<map iso="D03" to="E"/>
		<map iso="D04" to="R"/>
		<map iso="D05" to="T"/>
		<map iso="D06" to="Y"/>
		<map iso="D07" to="U"/>
		<map iso="D08" to="I"/>
		<map iso="D09" to="O"/>
		<map iso="D10" to="P"/>
		<map iso="D11" to="["/>
		<map iso="D12" to="]"/>
		<map iso="D13" to="\"/>
		<map iso="C01" to="A"/>
		<map iso="C02" to="S"/>
		<map iso="C03" to="D"/>
		<map iso="C04" to="F"/>
		<map iso="C05" to="G"/>
		<map iso="C06" to="H"/>
		<map iso="C07" to="J"/>
		<map iso="C08" to="K"/>
		<map iso="C09" to="L"/>
		<map iso="C10" to=";"/>
		<map iso="C11" to="&apos;"/>
		<map iso="B00" to="§"/> <!-- (key to left of Z) -->
		<map iso="B01" to="Z"/>
		<map iso="B02" to="X"/>
		<map iso="B03" to="C"/>
		<map iso="B04" to="V"/>
		<map iso="B05" to="B"/>
		<map iso="B06" to="N"/>
		<map iso="B07" to="M"/>
		<map iso="B08" to=","/>
		<map iso="B09" to="."/>
		<map iso="B10" to="/"/>
		<map iso="A03" to=" "/> <!-- space -->
	</keyMap>
	<keyMap modifiers="opt">
		<map iso="E00" to="`"/>
		<map iso="E01" to="¡"/> <!-- 1 -->
		<map iso="E02" to="€"/> <!-- 2 -->
		<map iso="E03" to="#"/> <!-- 3 -->
		<map iso="E04" to="¢"/> <!-- 4 -->
		<map iso="E05" to="§"/> <!-- 5 -->
		<map iso="E06" to="ˆ"/> <!-- 6 -->
		<map iso="E07" to="¶"/> <!-- 7 -->
		<map iso="E08" to="¨"/> <!-- 8 -->
		<map iso="E09" to="ª"/> <!-- 9 -->
		<map iso="E10" to="º"/> <!-- 0 -->
		<map iso="E11" to="–"/> <!-- - -->
		<map iso="E12" to="≠"/> <!-- = -->
		<map iso="D01" to="œ"/> <!-- Q -->
		<map iso="D02" to="˙"/> <!-- W -->
		<map iso="D03" to="é"/> <!-- E -->
		<map iso="D04" to="®"/> <!-- R -->
		<map iso="D05" to="√"/> <!-- T -->
		<map iso="D06" to="¥"/> <!-- Y -->
		<map iso="D07" to="ú"/> <!-- U -->
		<map iso="D08" to="í"/> <!-- I -->
		<map iso="D09" to="ó"/> <!-- O -->
		<map iso="D10" to="‚"/> <!-- P -->
		<map iso="D11" to="“"/> <!-- [ -->
		<map iso="D12" to="‘"/> <!-- ] -->
		<map iso="D13" to="«"/> <!-- \ -->
		<map iso="C01" to="á"/> <!-- A -->
		<map iso="C02" to="ß"/> <!-- S -->
		<map iso="C03" to="∂"/> <!-- D -->
		<map iso="C04" to="ƒ"/> <!-- F -->
		<map iso="C05" to="©"/> <!-- G -->
		<map iso="C06" to="µ"/> <!-- H -->
		<map iso="C07" to="˝"/> <!-- J -->
		<map iso="C08" to="˚"/> <!-- K -->
		<map iso="C09" to="π"/> <!-- L -->
		<map iso="C10" to="…"/> <!-- ; -->
		<map iso="C11" to="æ"/> <!-- ' -->
		<map iso="B00" to="§"/> <!-- (key to left of Z) -->
		<map iso="B01" to="¯"/> <!-- Z -->
		<map iso="B02" to="≈"/> <!-- X -->
		<map iso="B03" to="¸"/> <!-- C -->
		<map iso="B04" to="ˇ"/> <!-- V -->
		<map iso="B05" to="˘"/> <!-- B -->
		<map iso="B06" to="˜"/> <!-- N -->
		<map iso="B07" to="˛"/> <!-- M -->
		<map iso="B08" to="≤"/> <!-- , -->
		<map iso="B09" to="≥"/> <!-- . -->
		<map iso="B10" to="÷"/> <!-- / -->
		<map iso="A03" to="\u{A0}"/> <!-- space -->
	</keyMap>
	<keyMap modifiers="opt+shift+cmd?+caps?">
		<map iso="E00" to="`" transform="no"/>
		<map iso="E01" to="⁄"/> <!-- 1 -->
		<map iso="E02" to="™"/> <!-- 2 -->
		<map iso="E03" to="‹"/> <!-- 3 -->
		<map iso="E04" to="›"/> <!-- 4 -->
		<map iso="E05" to="†"/> <!-- 5 -->
		<map iso="E06" to="^"/> <!-- 6 -->
		<map iso="E07" to="&amp;"/> <!-- 7 -->
		<map iso="E08" to="•"/> <!-- 8 -->
		<map iso="E09" to="·"/> <!-- 9 -->
		<map iso="E10" to="°"/> <!-- 0 -->
		<map iso="E11" to="—"/> <!-- - -->
		<map iso="E12" to="±"/> <!-- = -->
		<map iso="D01" to="Œ"/> <!-- Q -->
		<map iso="D02" to="˙" transform="no"/> <!-- W -->
		<map iso="D03" to="É"/> <!-- E -->
		<map iso="D04" to="‰"/> <!-- R -->
		<map iso="D05" to="∞"/> <!-- T -->
		<map iso="D06" to="¥"/> <!-- Y -->
		<map iso="D07" to="Ú"/> <!-- U -->
		<map iso="D08" to="Í"/> <!-- I -->
		<map iso="D09" to="Ó"/> <!-- O -->
		<map iso="D10" to="∏"/> <!-- P -->
		<map iso="D11" to="”"/> <!-- [ -->
		<map iso="D12" to="’"/> <!-- ] -->
		<map iso="D13" to="»"/> <!-- \ -->
		<map iso="C01" to="Á"/> <!-- A -->
		<map iso="C02" to="´"/> <!-- S -->
		<map iso="C03" to="∫"/> <!-- D -->
		<map iso="C04" to="∑"/> <!-- F -->
		<map iso="C05" to="©"/> <!-- G -->
		<map iso="C06" to="∆"/> <!-- H -->
		<map iso="C07" to="˝"/> <!-- J -->
		<map iso="C08" to="\u{F8FF}"/> <!-- K -->
		<map iso="C09" to="¬"/> <!-- L -->
		<map iso="C10" to="‡"/> <!-- ; -->
		<map iso="C11" to="Æ"/> <!-- ' -->
		<map iso="B00" to="±"/> <!-- (key to left of Z)  base=§ -->
		<map iso="B01" to="Ω"/> <!-- Z -->
		<map iso="B02" to="≈"/> <!-- X -->
		<map iso="B03" to="¸" transform="no"/> <!-- C -->
		<map iso="B04" to="ﬁ"/> <!-- V -->
		<map iso="B05" to="ﬂ"/> <!-- B -->
		<map iso="B06" to="˜" transform="no"/> <!-- N -->
		<map iso="B07" to="˛"/> <!-- M -->
		<map iso="B08" to="„"/> <!-- , -->
		<map iso="B09" to="◊"/> <!-- . -->
		<map iso="B10" to="¿"/> <!-- / -->
		<map iso="A03" to="\u{A0}"/> <!-- space -->
	</keyMap>
	<keyMap modifiers="opt+caps+cmd?">
		<map iso="E00" to="`"/>
		<map iso="E01" to="¡"/> <!-- 1 -->
		<map iso="E02" to="€"/> <!-- 2 -->
		<map iso="E03" to="#"/> <!-- 3 -->
		<map iso="E04" to="¢"/> <!-- 4 -->
		<map iso="E05" to="§"/> <!-- 5 -->
		<map iso="E06" to="ˆ"/> <!-- 6 -->
		<map iso="E07" to="¶"/> <!-- 7 -->
		<map iso="E08" to="¨"/> <!-- 8 -->
		<map iso="E09" to="ª"/> <!-- 9 -->
		<map iso="E10" to="º"/> <!-- 0 -->
		<map iso="E11" to="–"/> <!-- - -->
		<map iso="E12" to="≠"/> <!-- = -->
		<map iso="D01" to="Œ"/> <!-- Q -->
		<map iso="D02" to="˙" transform="no"/> <!-- W -->
		<map iso="D03" to="É"/> <!-- E -->
		<map iso="D04" to="‰"/> <!-- R -->
		<map iso="D05" to="∞"/> <!-- T -->
		<map iso="D06" to="¥"/> <!-- Y -->
		<map iso="D07" to="Ú"/> <!-- U -->
		<map iso="D08" to="Í"/> <!-- I -->
		<map iso="D09" to="Ó"/> <!-- O -->
		<map iso="D10" to="∏"/> <!-- P -->
		<map iso="D11" to="“"/> <!-- [ -->
		<map iso="D12" to="‘"/> <!-- ] -->
		<map iso="D13" to="«"/> <!-- \ -->
		<map iso="C01" to="Á"/> <!-- A -->
		<map iso="C02" to="´"/> <!-- S -->
		<map iso="C03" to="∫"/> <!-- D -->
		<map iso="C04" to="∑"/> <!-- F -->
		<map iso="C05" to="©"/> <!-- G -->
		<map iso="C06" to="∆"/> <!-- H -->
		<map iso="C07" to="˝"/> <!-- J -->
		<map iso="C08" to="˚"/> <!-- K -->
		<map iso="C09" to="¬"/> <!-- L -->
		<map iso="C10" to="…"/> <!-- ; -->
		<map iso="C11" to="Æ"/> <!-- ' -->
		<map iso="B00" to="§"/> <!-- (key to left of Z) -->
		<map iso="B01" to="Ω"/> <!-- Z -->
		<map iso="B02" to="≈"/> <!-- X -->
		<map iso="B03" to="¸"/> <!-- C -->
		<map iso="B04" to="ˇ"/> <!-- V -->
		<map iso="B05" to="˘"/> <!-- B -->
		<map iso="B06" to="˜"/> <!-- N -->
		<map iso="B07" to="˛"/> <!-- M -->
		<map iso="B08" to="≤"/> <!-- , -->
		<map iso="B09" to="≥"/> <!-- . -->
		<map iso="B10" to="÷"/> <!-- / -->
		<map iso="A03" to="\u{A0}"/> <!-- space -->
	</keyMap>
	<keyMap modifiers="ctrl+opt?+caps?+shift? ctrl+cmd?+opt?+shift? ctrl+cmd?+opt?+caps? cmd+ctrlR+opt+caps+shift cmd+ctrlL+opt+caps+shift cmd+ctrl+caps+shift+optR? cmd+ctrl+caps+shift+optL? cmd+ctrl+opt+caps+shiftR? cmd+ctrl+opt+caps+shiftL?">
		<map iso="E00" to="`" transform="no"/>
		<map iso="E01" to="1"/>
		<map iso="E02" to="2"/>
		<map iso="E03" to="3"/>
		<map iso="E04" to="4"/>
		<map iso="E05" to="5"/>
		<map iso="E06" to="6"/>
		<map iso="E07" to="7"/>
		<map iso="E08" to="8"/>
		<map iso="E09" to="9"/>
		<map iso="E10" to="0"/>
		<map iso="E11" to="\u{1F}"/> <!-- - -->
		<map iso="E12" to="="/>
		<map iso="D01" to="\u{11}"/> <!-- Q -->
		<map iso="D02" to="\u{17}"/> <!-- W -->
		<map iso="D03" to="\u{5}"/> <!-- E -->
		<map iso="D04" to="\u{12}"/> <!-- R -->
		<map iso="D05" to="\u{14}"/> <!-- T -->
		<map iso="D06" to="\u{19}"/> <!-- Y -->
		<map iso="D07" to="\u{15}"/> <!-- U -->
		<map iso="D08" to="\u{9}"/> <!-- I -->
		<map iso="D09" to="\u{F}"/> <!-- O -->
		<map iso="D10" to="\u{10}"/> <!-- P -->
		<map iso="D11" to="\u{1B}"/> <!-- [ -->
		<map iso="D12" to="\u{1D}"/> <!-- ] -->
		<map iso="D13" to="\u{1C}"/> <!-- \ -->
		<map iso="C01" to="\u{1}"/> <!-- A -->
		<map iso="C02" to="\u{13}"/> <!-- S -->
		<map iso="C03" to="\u{4}"/> <!-- D -->
		<map iso="C04" to="\u{6}"/> <!-- F -->
		<map iso="C05" to="\u{7}"/> <!-- G -->
		<map iso="C06" to="\u{8}"/> <!-- H -->
		<map iso="C07" to="\u{A}"/> <!-- J -->
		<map iso="C08" to="\u{B}"/> <!-- K -->
		<map iso="C09" to="\u{C}"/> <!-- L -->
		<map iso="C10" to=":"/> <!-- ; -->
		<map iso="C11" to="\u{22}"/> <!-- '  to= "  -->
		<map iso="B00" to="`" transform="no"/> <!-- (key to left of Z)  base=§ -->
		<map iso="B01" to="\u{1A}"/> <!-- Z -->
		<map iso="B02" to="\u{18}"/> <!-- X -->
		<map iso="B03" to="\u{3}"/> <!-- C -->
		<map iso="B04" to="\u{16}"/> <!-- V -->
		<map iso="B05" to="\u{2}"/> <!-- B -->
		<map iso="B06" to="\u{E}"/> <!-- N -->
		<map iso="B07" to="\u{D}"/> <!-- M -->
		<map iso="B08" to=","/>
		<map iso="B09" to="."/>
		<map iso="B10" to="/"/>
		<map iso="A03" to=" "/> <!-- space -->
	</keyMap>
	<keyMap modifiers="cmd+opt">
		<map iso="E00" to="`" transform="no"/>
		<map iso="E01" to="¡"/> <!-- 1 -->
		<map iso="E02" to="€"/> <!-- 2 -->
		<map iso="E03" to="£"/> <!-- 3 -->
		<map iso="E04" to="¢"/> <!-- 4 -->
		<map iso="E05" to="∞"/> <!-- 5 -->
		<map iso="E06" to="§"/> <!-- 6 -->
		<map iso="E07" to="¶"/> <!-- 7 -->
		<map iso="E08" to="•"/> <!-- 8 -->
		<map iso="E09" to="ª"/> <!-- 9 -->
		<map iso="E10" to="º"/> <!-- 0 -->
		<map iso="E11" to="–"/> <!-- - -->
		<map iso="E12" to="≠"/> <!-- = -->
		<map iso="D01" to="œ"/> <!-- Q -->
		<map iso="D02" to="∑"/> <!-- W -->
		<map iso="D03" to="´"/> <!-- E -->
		<map iso="D04" to="®"/> <!-- R -->
		<map iso="D05" to="†"/> <!-- T -->
		<map iso="D06" to="¥"/> <!-- Y -->
		<map iso="D07" to="¨" transform="no"/> <!-- U -->
		<map iso="D08" to="^"/> <!-- I -->
		<map iso="D09" to="ø"/> <!-- O -->
		<map iso="D10" to="π"/> <!-- P -->
		<map iso="D11" to="“"/> <!-- [ -->
		<map iso="D12" to="‘"/> <!-- ] -->
		<map iso="D13" to="«"/> <!-- \ -->
		<map iso="C01" to="å"/> <!-- A -->
		<map iso="C02" to="ß"/> <!-- S -->
		<map iso="C03" to="∂"/> <!-- D -->
		<map iso="C04" to="ƒ"/> <!-- F -->
		<map iso="C05" to="©"/> <!-- G -->
		<map iso="C06" to="˙" transform="no"/> <!-- H -->
		<map iso="C07" to="∆"/> <!-- J -->
		<map iso="C08" to="˚" transform="no"/> <!-- K -->
		<map iso="C09" to="¬"/> <!-- L -->
		<map iso="C10" to="…"/> <!-- ; -->
		<map iso="C11" to="æ"/> <!-- ' -->
		<map iso="B00" to="§"/> <!-- (key to left of Z) -->
		<map iso="B01" to="Ω"/> <!-- Z -->
		<map iso="B02" to="≈"/> <!-- X -->
		<map iso="B03" to="ç"/> <!-- C -->
		<map iso="B04" to="√"/> <!-- V -->
		<map iso="B05" to="∫"/> <!-- B -->
		<map iso="B06" to="~"/> <!-- N -->
		<map iso="B07" to="µ"/> <!-- M -->
		<map iso="B08" to="≤"/> <!-- , -->
		<map iso="B09" to="≥"/> <!-- . -->
		<map iso="B10" to="÷"/> <!-- / -->
		<map iso="A03" to="\u{A0}"/> <!-- space -->
	</keyMap>
	<transforms type="simple">
		<transform from="` " to="`"/>
		<transform from="`a" to="à"/>
		<transform from="`A" to="À"/>
		<transform from="`e" to="è"/>
		<transform from="`E" to="È"/>
		<transform from="`i" to="ì"/>
		<transform from="`I" to="Ì"/>
		<transform from="`o" to="ò"/>
		<transform from="`O" to="Ò"/>
		<transform from="`u" to="ù"/>
		<transform from="`U" to="Ù"/>
		<transform from="˜ " to="˜"/>
		<transform from="˜a" to="ã"/>
		<transform from="˜A" to="Ã"/>
		<transform from="˜n" to="ñ"/>
		<transform from="˜N" to="Ñ"/>
		<transform from="˜o" to="õ"/>
		<transform from="˜O" to="Õ"/>
		<transform from="˙ " to="˙"/>
		<transform from="˙i" to="ı"/>
		<transform from="¨ " to="¨"/>
		<transform from="¨a" to="ä"/>
		<transform from="¨A" to="Ä"/>
		<transform from="¨e" to="ë"/>
		<transform from="¨E" to="Ë"/>
		<transform from="¨i" to="ï"/>
		<transform from="¨I" to="Ï"/>
		<transform from="¨o" to="ö"/>
		<transform from="¨O" to="Ö"/>
		<transform from="¨u" to="ü"/>
		<transform from="¨U" to="Ü"/>
		<transform from="¨y" to="ÿ"/>
		<transform from="¨Y" to="Ÿ"/>
		<transform from="˚ " to="˚"/>
		<transform from="˚a" to="å"/>
		<transform from="˚A" to="Å"/>
		<transform from="˚o" to="ø"/>
		<transform from="˚O" to="Ø"/>
		<transform from="¸ " to="¸"/>
		<transform from="¸c" to="ç"/>
		<transform from="¸C" to="Ç"/>
		<transform from="ˆ " to="ˆ"/>
		<transform from="ˆa" to="â"/>
		<transform from="ˆA" to="Â"/>
		<transform from="ˆe" to="ê"/>
		<transform from="ˆE" to="Ê"/>
		<transform from="ˆi" to="î"/>
		<transform from="ˆI" to="Î"/>
		<transform from="ˆo" to="ô"/>
		<transform from="ˆO" to="Ô"/>
		<transform from="ˆu" to="û"/>
		<transform from="ˆU" to="Û"/>
	</transforms>
</keyboard>

