<?xml version="1.0" encoding="UTF-8" ?>
<!DOCTYPE keyboard SYSTEM "../dtd/ldmlKeyboard.dtd">
<keyboard locale="ka-t-k0-osx">
	<version platform="10.9" number="$Revision: 11914 $"/>
	<names>
		<name value="Georgian-QWERTY"/>
	</names>
	<keyMap>
		<map iso="E00" to="„"/> <!-- ` -->
		<map iso="E01" to="1"/>
		<map iso="E02" to="2"/>
		<map iso="E03" to="3"/>
		<map iso="E04" to="4"/>
		<map iso="E05" to="5"/>
		<map iso="E06" to="6"/>
		<map iso="E07" to="7"/>
		<map iso="E08" to="8"/>
		<map iso="E09" to="9"/>
		<map iso="E10" to="0"/>
		<map iso="E11" to="-"/>
		<map iso="E12" to="="/>
		<map iso="D01" to="ქ"/> <!-- Q -->
		<map iso="D02" to="წ"/> <!-- W -->
		<map iso="D03" to="ე"/> <!-- E -->
		<map iso="D04" to="რ"/> <!-- R -->
		<map iso="D05" to="ტ"/> <!-- T -->
		<map iso="D06" to="ყ"/> <!-- Y -->
		<map iso="D07" to="უ"/> <!-- U -->
		<map iso="D08" to="ი"/> <!-- I -->
		<map iso="D09" to="ო"/> <!-- O -->
		<map iso="D10" to="პ"/> <!-- P -->
		<map iso="D11" to="["/>
		<map iso="D12" to="]"/>
		<map iso="D13" to="\"/>
		<map iso="C01" to="ა"/> <!-- A -->
		<map iso="C02" to="ს"/> <!-- S -->
		<map iso="C03" to="დ"/> <!-- D -->
		<map iso="C04" to="ფ"/> <!-- F -->
		<map iso="C05" to="გ"/> <!-- G -->
		<map iso="C06" to="ჰ"/> <!-- H -->
		<map iso="C07" to="ჯ"/> <!-- J -->
		<map iso="C08" to="კ"/> <!-- K -->
		<map iso="C09" to="ლ"/> <!-- L -->
		<map iso="C10" to=";"/>
		<map iso="C11" to="&apos;"/>
		<map iso="B00" to="§"/> <!-- (key to left of Z) -->
		<map iso="B01" to="ზ"/> <!-- Z -->
		<map iso="B02" to="ხ"/> <!-- X -->
		<map iso="B03" to="ც"/> <!-- C -->
		<map iso="B04" to="ვ"/> <!-- V -->
		<map iso="B05" to="ბ"/> <!-- B -->
		<map iso="B06" to="ნ"/> <!-- N -->
		<map iso="B07" to="მ"/> <!-- M -->
		<map iso="B08" to=","/>
		<map iso="B09" to="."/>
		<map iso="B10" to="/"/>
		<map iso="A03" to=" "/> <!-- space -->
	</keyMap>
	<keyMap modifiers="shift">
		<map iso="E00" to="“"/> <!-- `  base=„ -->
		<map iso="E01" to="!"/> <!-- 1 -->
		<map iso="E02" to="@"/> <!-- 2 -->
		<map iso="E03" to="#"/> <!-- 3 -->
		<map iso="E04" to="$"/> <!-- 4 -->
		<map iso="E05" to="%"/> <!-- 5 -->
		<map iso="E06" to="^"/> <!-- 6 -->
		<map iso="E07" to="&amp;"/> <!-- 7 -->
		<map iso="E08" to="*"/> <!-- 8 -->
		<map iso="E09" to="("/> <!-- 9 -->
		<map iso="E10" to=")"/> <!-- 0 -->
		<map iso="E11" to="_"/> <!-- - -->
		<map iso="E12" to="+"/> <!-- = -->
		<map iso="D02" to="ჭ"/> <!-- W  base=წ -->
		<map iso="D04" to="ღ"/> <!-- R  base=რ -->
		<map iso="D05" to="თ"/> <!-- T  base=ტ -->
		<map iso="D09" to="`"/> <!-- O  base=ო -->
		<map iso="D10" to="~"/> <!-- P  base=პ -->
		<map iso="D11" to="{"/> <!-- [ -->
		<map iso="D12" to="}"/> <!-- ] -->
		<map iso="D13" to="|"/> <!-- \ -->
		<map iso="C02" to="შ"/> <!-- S  base=ს -->
		<map iso="C07" to="ჟ"/> <!-- J  base=ჯ -->
		<map iso="C10" to=":"/> <!-- ; -->
		<map iso="C11" to="\u{22}"/> <!-- '  to= "  -->
		<map iso="B00" to="±"/> <!-- (key to left of Z)  base=§ -->
		<map iso="B01" to="ძ"/> <!-- Z  base=ზ -->
		<map iso="B03" to="ჩ"/> <!-- C  base=ც -->
		<map iso="B08" to="&lt;"/> <!-- , -->
		<map iso="B09" to="&gt;"/> <!-- . -->
		<map iso="B10" to="?"/> <!-- / -->
		<map iso="A03" to=" "/> <!-- space -->
	</keyMap>
	<keyMap modifiers="caps">
		<map iso="E00" to="`"/> <!--   base=„ -->
		<map iso="E01" to="1"/>
		<map iso="E02" to="2"/>
		<map iso="E03" to="3"/>
		<map iso="E04" to="4"/>
		<map iso="E05" to="5"/>
		<map iso="E06" to="6"/>
		<map iso="E07" to="7"/>
		<map iso="E08" to="8"/>
		<map iso="E09" to="9"/>
		<map iso="E10" to="0"/>
		<map iso="E11" to="-"/>
		<map iso="E12" to="="/>
		<map iso="D01" to="q"/> <!--   base=ქ -->
		<map iso="D02" to="w"/> <!--   base=წ -->
		<map iso="D03" to="e"/> <!--   base=ე -->
		<map iso="D04" to="r"/> <!--   base=რ -->
		<map iso="D05" to="t"/> <!--   base=ტ -->
		<map iso="D06" to="y"/> <!--   base=ყ -->
		<map iso="D07" to="u"/> <!--   base=უ -->
		<map iso="D08" to="i"/> <!--   base=ი -->
		<map iso="D09" to="o"/> <!--   base=ო -->
		<map iso="D10" to="p"/> <!--   base=პ -->
		<map iso="D11" to="["/>
		<map iso="D12" to="]"/>
		<map iso="D13" to="\"/>
		<map iso="C01" to="a"/> <!--   base=ა -->
		<map iso="C02" to="s"/> <!--   base=ს -->
		<map iso="C03" to="d"/> <!--   base=დ -->
		<map iso="C04" to="f"/> <!--   base=ფ -->
		<map iso="C05" to="g"/> <!--   base=გ -->
		<map iso="C06" to="h"/> <!--   base=ჰ -->
		<map iso="C07" to="j"/> <!--   base=ჯ -->
		<map iso="C08" to="k"/> <!--   base=კ -->
		<map iso="C09" to="l"/> <!--   base=ლ -->
		<map iso="C10" to=";"/>
		<map iso="C11" to="&apos;"/>
		<map iso="B01" to="z"/> <!--   base=ზ -->
		<map iso="B02" to="x"/> <!--   base=ხ -->
		<map iso="B03" to="c"/> <!--   base=ც -->
		<map iso="B04" to="v"/> <!--   base=ვ -->
		<map iso="B05" to="b"/> <!--   base=ბ -->
		<map iso="B06" to="n"/> <!--   base=ნ -->
		<map iso="B07" to="m"/> <!--   base=მ -->
		<map iso="B08" to=","/>
		<map iso="B09" to="."/>
		<map iso="B10" to="/"/>
		<map iso="A03" to=" "/> <!-- space -->
	</keyMap>
	<keyMap modifiers="caps+shift cmd+shift">
		<map iso="E00" to="~"/> <!-- `  base=„ -->
		<map iso="E01" to="!"/> <!-- 1 -->
		<map iso="E02" to="@"/> <!-- 2 -->
		<map iso="E03" to="#"/> <!-- 3 -->
		<map iso="E04" to="$"/> <!-- 4 -->
		<map iso="E05" to="%"/> <!-- 5 -->
		<map iso="E06" to="^"/> <!-- 6 -->
		<map iso="E07" to="&amp;"/> <!-- 7 -->
		<map iso="E08" to="*"/> <!-- 8 -->
		<map iso="E09" to="("/> <!-- 9 -->
		<map iso="E10" to=")"/> <!-- 0 -->
		<map iso="E11" to="_"/> <!-- - -->
		<map iso="E12" to="+"/> <!-- = -->
		<map iso="D01" to="Q"/> <!--   base=ქ -->
		<map iso="D02" to="W"/> <!--   base=წ -->
		<map iso="D03" to="E"/> <!--   base=ე -->
		<map iso="D04" to="R"/> <!--   base=რ -->
		<map iso="D05" to="T"/> <!--   base=ტ -->
		<map iso="D06" to="Y"/> <!--   base=ყ -->
		<map iso="D07" to="U"/> <!--   base=უ -->
		<map iso="D08" to="I"/> <!--   base=ი -->
		<map iso="D09" to="O"/> <!--   base=ო -->
		<map iso="D10" to="P"/> <!--   base=პ -->
		<map iso="D11" to="{"/> <!-- [ -->
		<map iso="D12" to="}"/> <!-- ] -->
		<map iso="D13" to="|"/> <!-- \ -->
		<map iso="C01" to="A"/> <!--   base=ა -->
		<map iso="C02" to="S"/> <!--   base=ს -->
		<map iso="C03" to="D"/> <!--   base=დ -->
		<map iso="C04" to="F"/> <!--   base=ფ -->
		<map iso="C05" to="G"/> <!--   base=გ -->
		<map iso="C06" to="H"/> <!--   base=ჰ -->
		<map iso="C07" to="J"/> <!--   base=ჯ -->
		<map iso="C08" to="K"/> <!--   base=კ -->
		<map iso="C09" to="L"/> <!--   base=ლ -->
		<map iso="C10" to=":"/> <!-- ; -->
		<map iso="C11" to="\u{22}"/> <!-- '  to= "  -->
		<map iso="B01" to="Z"/> <!--   base=ზ -->
		<map iso="B02" to="X"/> <!--   base=ხ -->
		<map iso="B03" to="C"/> <!--   base=ც -->
		<map iso="B04" to="V"/> <!--   base=ვ -->
		<map iso="B05" to="B"/> <!--   base=ბ -->
		<map iso="B06" to="N"/> <!--   base=ნ -->
		<map iso="B07" to="M"/> <!--   base=მ -->
		<map iso="B08" to="&lt;"/> <!-- , -->
		<map iso="B09" to="&gt;"/> <!-- . -->
		<map iso="B10" to="?"/> <!-- / -->
		<map iso="A03" to=" "/> <!-- space -->
	</keyMap>
	<keyMap modifiers="opt">
		<map iso="E06" to="€"/> <!-- 6 -->
		<map iso="E09" to="º"/> <!-- 9 -->
		<map iso="E11" to="—"/> <!-- - -->
		<map iso="E12" to="–"/> <!-- = -->
		<map iso="D03" to="ჱ"/> <!-- E  base=ე -->
		<map iso="D04" to="®"/> <!-- R  base=რ -->
		<map iso="D06" to="ჸ"/> <!-- Y  base=ყ -->
		<map iso="D08" to="ჲ"/> <!-- I  base=ი -->
		<map iso="D11" to="“"/> <!-- [ -->
		<map iso="D12" to="‘"/> <!-- ] -->
		<map iso="C01" to="ჺ"/> <!-- A  base=ა -->
		<map iso="C04" to="ჶ"/> <!-- F  base=ფ -->
		<map iso="C05" to="ჹ"/> <!-- G  base=გ -->
		<map iso="C06" to="ჵ"/> <!-- H  base=ჰ -->
		<map iso="C07" to="ჷ"/> <!-- J  base=ჯ -->
		<map iso="B00" to="§"/> <!-- (key to left of Z) -->
		<map iso="B02" to="ჴ"/> <!-- X  base=ხ -->
		<map iso="B03" to="©"/> <!-- C  base=ც -->
		<map iso="B04" to="ჳ"/> <!-- V  base=ვ -->
		<map iso="B06" to="ჼ"/> <!-- N  base=ნ -->
		<map iso="B08" to="«"/> <!-- , -->
		<map iso="B09" to="»"/> <!-- . -->
		<map iso="B10" to="჻"/> <!-- / -->
		<map iso="A03" to="\u{A0}"/> <!-- space -->
	</keyMap>
	<keyMap modifiers="opt+shift+cmd?+caps?">
		<map iso="E00" to="\u{300}"/> <!-- `  base=„  to= ̀  -->
		<map iso="E01" to="⁄"/> <!-- 1 -->
		<map iso="E02" to="€"/> <!-- 2 -->
		<map iso="E03" to="‹"/> <!-- 3 -->
		<map iso="E04" to="›"/> <!-- 4 -->
		<map iso="E05" to="†"/> <!-- 5 -->
		<map iso="E06" to="\u{302}"/> <!-- 6  to= ̂  -->
		<map iso="E07" to="‡"/> <!-- 7 -->
		<map iso="E08" to="°"/> <!-- 8 -->
		<map iso="E09" to="·"/> <!-- 9 -->
		<map iso="E10" to="‚"/> <!-- 0 -->
		<map iso="E11" to="—"/> <!-- - -->
		<map iso="E12" to="±"/> <!-- = -->
		<map iso="D11" to="”"/> <!-- [ -->
		<map iso="D12" to="’"/> <!-- ] -->
		<map iso="B00" to="±"/> <!-- (key to left of Z)  base=§ -->
		<map iso="A03" to="\u{A0}"/> <!-- space -->
	</keyMap>
	<keyMap modifiers="opt+caps">
		<map iso="E00" to="`"/> <!--   base=„ -->
		<map iso="E01" to="¡"/> <!-- 1 -->
		<map iso="E02" to="™"/> <!-- 2 -->
		<map iso="E03" to="£"/> <!-- 3 -->
		<map iso="E04" to="¢"/> <!-- 4 -->
		<map iso="E05" to="§"/> <!-- 5 -->
		<map iso="E06" to="ˆ"/> <!-- 6 -->
		<map iso="E07" to="¶"/> <!-- 7 -->
		<map iso="E08" to="•"/> <!-- 8 -->
		<map iso="E09" to="ª"/> <!-- 9 -->
		<map iso="E10" to="º"/> <!-- 0 -->
		<map iso="E11" to="–"/> <!-- - -->
		<map iso="E12" to="≠"/> <!-- = -->
		<map iso="D02" to="˙"/> <!-- W  base=წ -->
		<map iso="D09" to="Ø"/> <!-- O  base=ო -->
		<map iso="D11" to="“"/> <!-- [ -->
		<map iso="D12" to="‘"/> <!-- ] -->
		<map iso="D13" to="«"/> <!-- \ -->
		<map iso="C11" to="Æ"/> <!-- ' -->
		<map iso="B00" to="§"/> <!-- (key to left of Z) -->
		<map iso="B08" to="≤"/> <!-- , -->
		<map iso="B09" to="≥"/> <!-- . -->
		<map iso="B10" to="÷"/> <!-- / -->
		<map iso="A03" to="\u{A0}"/> <!-- space -->
	</keyMap>
	<keyMap modifiers="ctrlL+cmd?+optL?+caps?+shift? ctrlL+optR+cmd?+optL?+caps?+shiftL?">
		<map iso="E00" to="`"/> <!--   base=„ -->
		<map iso="E01" to="1"/>
		<map iso="E02" to="2"/>
		<map iso="E03" to="3"/>
		<map iso="E04" to="4"/>
		<map iso="E05" to="5"/>
		<map iso="E06" to="6"/>
		<map iso="E07" to="7"/>
		<map iso="E08" to="8"/>
		<map iso="E09" to="9"/>
		<map iso="E10" to="0"/>
		<map iso="E11" to="\u{1F}"/> <!-- - -->
		<map iso="E12" to="="/>
		<map iso="D01" to="\u{11}"/> <!-- Q  base=ქ -->
		<map iso="D02" to="\u{17}"/> <!-- W  base=წ -->
		<map iso="D03" to="\u{5}"/> <!-- E  base=ე -->
		<map iso="D04" to="\u{12}"/> <!-- R  base=რ -->
		<map iso="D05" to="\u{14}"/> <!-- T  base=ტ -->
		<map iso="D06" to="\u{19}"/> <!-- Y  base=ყ -->
		<map iso="D07" to="\u{15}"/> <!-- U  base=უ -->
		<map iso="D08" to="\u{9}"/> <!-- I  base=ი -->
		<map iso="D09" to="\u{F}"/> <!-- O  base=ო -->
		<map iso="D10" to="\u{10}"/> <!-- P  base=პ -->
		<map iso="D11" to="\u{1B}"/> <!-- [ -->
		<map iso="D12" to="\u{1D}"/> <!-- ] -->
		<map iso="D13" to="\u{1C}"/> <!-- \ -->
		<map iso="C01" to="\u{1}"/> <!-- A  base=ა -->
		<map iso="C02" to="\u{13}"/> <!-- S  base=ს -->
		<map iso="C03" to="\u{4}"/> <!-- D  base=დ -->
		<map iso="C04" to="\u{6}"/> <!-- F  base=ფ -->
		<map iso="C05" to="\u{7}"/> <!-- G  base=გ -->
		<map iso="C06" to="\u{8}"/> <!-- H  base=ჰ -->
		<map iso="C07" to="\u{A}"/> <!-- J  base=ჯ -->
		<map iso="C08" to="\u{B}"/> <!-- K  base=კ -->
		<map iso="C09" to="\u{C}"/> <!-- L  base=ლ -->
		<map iso="C10" to=";"/>
		<map iso="C11" to="&apos;"/>
		<map iso="B00" to="0"/> <!-- (key to left of Z)  base=§ -->
		<map iso="B01" to="\u{1A}"/> <!-- Z  base=ზ -->
		<map iso="B02" to="\u{18}"/> <!-- X  base=ხ -->
		<map iso="B03" to="\u{3}"/> <!-- C  base=ც -->
		<map iso="B04" to="\u{16}"/> <!-- V  base=ვ -->
		<map iso="B05" to="\u{2}"/> <!-- B  base=ბ -->
		<map iso="B06" to="\u{E}"/> <!-- N  base=ნ -->
		<map iso="B07" to="\u{D}"/> <!-- M  base=მ -->
		<map iso="B08" to=","/>
		<map iso="B09" to="."/>
		<map iso="B10" to="/"/>
		<map iso="A03" to=" "/> <!-- space -->
	</keyMap>
	<keyMap modifiers="cmd+opt+caps?">
		<map iso="E00" to="`"/> <!--   base=„ -->
		<map iso="E01" to="¡"/> <!-- 1 -->
		<map iso="E02" to="™"/> <!-- 2 -->
		<map iso="E03" to="£"/> <!-- 3 -->
		<map iso="E04" to="¢"/> <!-- 4 -->
		<map iso="E05" to="§"/> <!-- 5 -->
		<map iso="E06" to="ˆ"/> <!-- 6 -->
		<map iso="E07" to="¶"/> <!-- 7 -->
		<map iso="E08" to="•"/> <!-- 8 -->
		<map iso="E09" to="ª"/> <!-- 9 -->
		<map iso="E10" to="º"/> <!-- 0 -->
		<map iso="E11" to="–"/> <!-- - -->
		<map iso="E12" to="≠"/> <!-- = -->
		<map iso="D01" to="œ"/> <!-- Q  base=ქ -->
		<map iso="D02" to="˙"/> <!-- W  base=წ -->
		<map iso="D03" to="´"/> <!-- E  base=ე -->
		<map iso="D04" to="®"/> <!-- R  base=რ -->
		<map iso="D05" to="þ"/> <!-- T  base=ტ -->
		<map iso="D06" to="¥"/> <!-- Y  base=ყ -->
		<map iso="D07" to="¨"/> <!-- U  base=უ -->
		<map iso="D08" to="’"/> <!-- I  base=ი -->
		<map iso="D09" to="ø"/> <!-- O  base=ო -->
		<map iso="D10" to=","/> <!-- P  base=პ -->
		<map iso="D11" to="“"/> <!-- [ -->
		<map iso="D12" to="‘"/> <!-- ] -->
		<map iso="D13" to="«"/> <!-- \ -->
		<map iso="C01" to="¯"/> <!-- A  base=ა -->
		<map iso="C02" to="ß"/> <!-- S  base=ს -->
		<map iso="C03" to="ð"/> <!-- D  base=დ -->
		<map iso="C04" to="ƒ"/> <!-- F  base=ფ -->
		<map iso="C05" to="©"/> <!-- G  base=გ -->
		<map iso="C06" to="ˍ"/> <!-- H  base=ჰ -->
		<map iso="C07" to="˝"/> <!-- J  base=ჯ -->
		<map iso="C08" to="˚"/> <!-- K  base=კ -->
		<map iso="C09" to="-"/> <!-- L  base=ლ -->
		<map iso="C10" to="…"/> <!-- ; -->
		<map iso="C11" to="æ"/> <!-- ' -->
		<map iso="B00" to="§"/> <!-- (key to left of Z) -->
		<map iso="B01" to="’"/> <!-- Z  base=ზ -->
		<map iso="B02" to="."/> <!-- X  base=ხ -->
		<map iso="B03" to="¸"/> <!-- C  base=ც -->
		<map iso="B04" to="ˇ"/> <!-- V  base=ვ -->
		<map iso="B05" to="˘"/> <!-- B  base=ბ -->
		<map iso="B06" to="˜"/> <!-- N  base=ნ -->
		<map iso="B07" to="˛"/> <!-- M  base=მ -->
		<map iso="B08" to="≤"/> <!-- , -->
		<map iso="B09" to="≥"/> <!-- . -->
		<map iso="B10" to="÷"/> <!-- / -->
		<map iso="A03" to="\u{A0}"/> <!-- space -->
	</keyMap>
</keyboard>

