<?xml version="1.0" encoding="UTF-8" ?>
<!DOCTYPE keyboard SYSTEM "../dtd/ldmlKeyboard.dtd">
<keyboard locale="kn-t-k0-osx">
	<version platform="10.9" number="$Revision: 11914 $"/>
	<names>
		<name value="Kannada"/>
	</names>
	<keyMap>
		<map iso="E00" to="\u{CCA}"/> <!-- `  to= ೊ  -->
		<map iso="E01" to="೧"/> <!-- 1 -->
		<map iso="E02" to="೨"/> <!-- 2 -->
		<map iso="E03" to="೩"/> <!-- 3 -->
		<map iso="E04" to="೪"/> <!-- 4 -->
		<map iso="E05" to="೫"/> <!-- 5 -->
		<map iso="E06" to="೬"/> <!-- 6 -->
		<map iso="E07" to="೭"/> <!-- 7 -->
		<map iso="E08" to="೮"/> <!-- 8 -->
		<map iso="E09" to="೯"/> <!-- 9 -->
		<map iso="E10" to="೦"/> <!-- 0 -->
		<map iso="E11" to="-"/>
		<map iso="E12" to="\u{CC3}"/> <!-- =  to= ೃ  -->
		<map iso="D01" to="\u{CCC}"/> <!-- Q  to= ೌ  -->
		<map iso="D02" to="\u{CC8}"/> <!-- W  to= ೈ  -->
		<map iso="D03" to="\u{CBE}"/> <!-- E  to= ಾ  -->
		<map iso="D04" to="\u{CC0}"/> <!-- R  to= ೀ  -->
		<map iso="D05" to="\u{CC2}"/> <!-- T  to= ೂ  -->
		<map iso="D06" to="ಬ"/> <!-- Y -->
		<map iso="D07" to="ಹ"/> <!-- U -->
		<map iso="D08" to="ಗ"/> <!-- I -->
		<map iso="D09" to="ದ"/> <!-- O -->
		<map iso="D10" to="ಜ"/> <!-- P -->
		<map iso="D11" to="ಡ"/> <!-- [ -->
		<map iso="C01" to="\u{CCB}"/> <!-- A  to= ೋ  -->
		<map iso="C02" to="\u{CC7}"/> <!-- S  to= ೇ  -->
		<map iso="C03" to="\u{CCD}"/> <!-- D  to= ್  -->
		<map iso="C04" to="\u{CBF}"/> <!-- F  to= ಿ  -->
		<map iso="C05" to="\u{CC1}"/> <!-- G  to= ು  -->
		<map iso="C06" to="ಪ"/> <!-- H -->
		<map iso="C07" to="ರ"/> <!-- J -->
		<map iso="C08" to="ಕ"/> <!-- K -->
		<map iso="C09" to="ತ"/> <!-- L -->
		<map iso="C10" to="ಚ"/> <!-- ; -->
		<map iso="C11" to="ಟ"/> <!-- ' -->
		<map iso="B01" to="\u{CC6}"/> <!-- Z  to= ೆ  -->
		<map iso="B02" to="\u{C82}"/> <!-- X  to= ಂ  -->
		<map iso="B03" to="ಮ"/> <!-- C -->
		<map iso="B04" to="ನ"/> <!-- V -->
		<map iso="B05" to="ವ"/> <!-- B -->
		<map iso="B06" to="ಲ"/> <!-- N -->
		<map iso="B07" to="ಸ"/> <!-- M -->
		<map iso="B08" to=","/>
		<map iso="B09" to="."/>
		<map iso="B10" to="ಯ"/> <!-- / -->
		<map iso="A03" to=" "/> <!-- space -->
	</keyMap>
	<keyMap modifiers="shift+caps?">
		<map iso="E00" to="ಒ"/> <!-- `  base=ೊ -->
		<map iso="E03" to="\u{CCD}ರ"/> <!-- 3  base=೩  to= ್ರ  -->
		<map iso="E04" to="ರ\u{CCD}"/> <!-- 4  base=೪  to= ರ್  -->
		<map iso="E05" to="ಜ\u{CCD}ಞ"/> <!-- 5  base=೫  to= ಜ್ಞ  -->
		<map iso="E06" to="ತ\u{CCD}ರ"/> <!-- 6  base=೬  to= ತ್ರ  -->
		<map iso="E07" to="ಕ\u{CCD}ಷ"/> <!-- 7  base=೭  to= ಕ್ಷ  -->
		<map iso="E08" to="ಶ\u{CCD}ರ"/> <!-- 8  base=೮  to= ಶ್ರ  -->
		<map iso="E09" to="("/> <!-- 9  base=೯ -->
		<map iso="E10" to=")"/> <!-- 0  base=೦ -->
		<map iso="E11" to="\u{C83}"/> <!-- -  to= ಃ  -->
		<map iso="E12" to="ಋ"/> <!-- =  base=ೃ -->
		<map iso="D01" to="ಔ"/> <!-- Q  base=ೌ -->
		<map iso="D02" to="ಐ"/> <!-- W  base=ೈ -->
		<map iso="D03" to="ಆ"/> <!-- E  base=ಾ -->
		<map iso="D04" to="ಈ"/> <!-- R  base=ೀ -->
		<map iso="D05" to="ಊ"/> <!-- T  base=ೂ -->
		<map iso="D06" to="ಭ"/> <!-- Y  base=ಬ -->
		<map iso="D07" to="ಙ"/> <!-- U  base=ಹ -->
		<map iso="D08" to="ಘ"/> <!-- I  base=ಗ -->
		<map iso="D09" to="ಧ"/> <!-- O  base=ದ -->
		<map iso="D10" to="ಝ"/> <!-- P  base=ಜ -->
		<map iso="D11" to="ಢ"/> <!-- [  base=ಡ -->
		<map iso="D12" to="ಞ"/> <!-- ] -->
		<map iso="C01" to="ಓ"/> <!-- A  base=ೋ -->
		<map iso="C02" to="ಏ"/> <!-- S  base=ೇ -->
		<map iso="C03" to="ಅ"/> <!-- D  base=್ -->
		<map iso="C04" to="ಇ"/> <!-- F  base=ಿ -->
		<map iso="C05" to="ಉ"/> <!-- G  base=ು -->
		<map iso="C06" to="ಫ"/> <!-- H  base=ಪ -->
		<map iso="C07" to="ಱ"/> <!-- J  base=ರ -->
		<map iso="C08" to="ಖ"/> <!-- K  base=ಕ -->
		<map iso="C09" to="ಥ"/> <!-- L  base=ತ -->
		<map iso="C10" to="ಛ"/> <!-- ;  base=ಚ -->
		<map iso="C11" to="ಠ"/> <!-- '  base=ಟ -->
		<map iso="B01" to="ಎ"/> <!-- Z  base=ೆ -->
		<map iso="B03" to="ಣ"/> <!-- C  base=ಮ -->
		<map iso="B06" to="ಳ"/> <!-- N  base=ಲ -->
		<map iso="B07" to="ಶ"/> <!-- M  base=ಸ -->
		<map iso="B08" to="ಷ"/> <!-- , -->
		<map iso="A03" to=" "/> <!-- space -->
	</keyMap>
	<keyMap modifiers="caps">
		<map iso="E00" to="\u{CCA}"/> <!-- `  to= ೊ  -->
		<map iso="E01" to="1"/> <!--   base=೧ -->
		<map iso="E02" to="2"/> <!--   base=೨ -->
		<map iso="E03" to="3"/> <!--   base=೩ -->
		<map iso="E04" to="4"/> <!--   base=೪ -->
		<map iso="E05" to="5"/> <!--   base=೫ -->
		<map iso="E06" to="6"/> <!--   base=೬ -->
		<map iso="E07" to="7"/> <!--   base=೭ -->
		<map iso="E08" to="8"/> <!--   base=೮ -->
		<map iso="E09" to="9"/> <!--   base=೯ -->
		<map iso="E10" to="0"/> <!--   base=೦ -->
		<map iso="E11" to="-"/>
		<map iso="E12" to="\u{CC3}"/> <!-- =  to= ೃ  -->
		<map iso="D01" to="\u{CCC}"/> <!-- Q  to= ೌ  -->
		<map iso="D02" to="\u{CC8}"/> <!-- W  to= ೈ  -->
		<map iso="D03" to="\u{CBE}"/> <!-- E  to= ಾ  -->
		<map iso="D04" to="\u{CC0}"/> <!-- R  to= ೀ  -->
		<map iso="D05" to="\u{CC2}"/> <!-- T  to= ೂ  -->
		<map iso="D06" to="ಬ"/> <!-- Y -->
		<map iso="D07" to="ಹ"/> <!-- U -->
		<map iso="D08" to="ಗ"/> <!-- I -->
		<map iso="D09" to="ದ"/> <!-- O -->
		<map iso="D10" to="ಜ"/> <!-- P -->
		<map iso="D11" to="ಡ"/> <!-- [ -->
		<map iso="C01" to="\u{CCB}"/> <!-- A  to= ೋ  -->
		<map iso="C02" to="\u{CC7}"/> <!-- S  to= ೇ  -->
		<map iso="C03" to="\u{CCD}"/> <!-- D  to= ್  -->
		<map iso="C04" to="\u{CBF}"/> <!-- F  to= ಿ  -->
		<map iso="C05" to="\u{CC1}"/> <!-- G  to= ು  -->
		<map iso="C06" to="ಪ"/> <!-- H -->
		<map iso="C07" to="ರ"/> <!-- J -->
		<map iso="C08" to="ಕ"/> <!-- K -->
		<map iso="C09" to="ತ"/> <!-- L -->
		<map iso="C10" to="ಚ"/> <!-- ; -->
		<map iso="C11" to="ಟ"/> <!-- ' -->
		<map iso="B01" to="\u{CC6}"/> <!-- Z  to= ೆ  -->
		<map iso="B02" to="\u{C82}"/> <!-- X  to= ಂ  -->
		<map iso="B03" to="ಮ"/> <!-- C -->
		<map iso="B04" to="ನ"/> <!-- V -->
		<map iso="B05" to="ವ"/> <!-- B -->
		<map iso="B06" to="ಲ"/> <!-- N -->
		<map iso="B07" to="ಸ"/> <!-- M -->
		<map iso="B08" to=","/>
		<map iso="B09" to="."/>
		<map iso="B10" to="ಯ"/> <!-- / -->
		<map iso="A03" to=" "/> <!-- space -->
	</keyMap>
	<keyMap modifiers="opt+caps?">
		<map iso="E00" to="`"/> <!--   base=ೊ -->
		<map iso="E01" to="1"/> <!--   base=೧ -->
		<map iso="E02" to="2"/> <!--   base=೨ -->
		<map iso="E03" to="3"/> <!--   base=೩ -->
		<map iso="E04" to="4"/> <!--   base=೪ -->
		<map iso="E05" to="5"/> <!--   base=೫ -->
		<map iso="E06" to="6"/> <!--   base=೬ -->
		<map iso="E07" to="7"/> <!--   base=೭ -->
		<map iso="E08" to="8"/> <!--   base=೮ -->
		<map iso="E09" to="9"/> <!--   base=೯ -->
		<map iso="E10" to="0"/> <!--   base=೦ -->
		<map iso="E11" to="—"/> <!-- - -->
		<map iso="E12" to="="/> <!--   base=ೃ -->
		<map iso="D01" to="q"/> <!--   base=ೌ -->
		<map iso="D02" to="w"/> <!--   base=ೈ -->
		<map iso="D03" to="e"/> <!--   base=ಾ -->
		<map iso="D04" to="r"/> <!--   base=ೀ -->
		<map iso="D05" to="t"/> <!--   base=ೂ -->
		<map iso="D06" to="y"/> <!--   base=ಬ -->
		<map iso="D07" to="u"/> <!--   base=ಹ -->
		<map iso="D08" to="i"/> <!--   base=ಗ -->
		<map iso="D09" to="o"/> <!--   base=ದ -->
		<map iso="D10" to="p"/> <!--   base=ಜ -->
		<map iso="D11" to="["/> <!--   base=ಡ -->
		<map iso="D12" to="]"/>
		<map iso="D13" to="\"/>
		<map iso="C01" to="a"/> <!--   base=ೋ -->
		<map iso="C02" to="s"/> <!--   base=ೇ -->
		<map iso="C03" to="d"/> <!--   base=್ -->
		<map iso="C04" to="f"/> <!--   base=ಿ -->
		<map iso="C05" to="g"/> <!--   base=ು -->
		<map iso="C06" to="h"/> <!--   base=ಪ -->
		<map iso="C07" to="j"/> <!--   base=ರ -->
		<map iso="C08" to="k"/> <!--   base=ಕ -->
		<map iso="C09" to="l"/> <!--   base=ತ -->
		<map iso="C10" to=";"/> <!--   base=ಚ -->
		<map iso="C11" to="&apos;"/> <!--   base=ಟ -->
		<map iso="B01" to="z"/> <!--   base=ೆ -->
		<map iso="B02" to="x"/> <!--   base=ಂ -->
		<map iso="B03" to="c"/> <!--   base=ಮ -->
		<map iso="B04" to="v"/> <!--   base=ನ -->
		<map iso="B05" to="b"/> <!--   base=ವ -->
		<map iso="B06" to="n"/> <!--   base=ಲ -->
		<map iso="B07" to="m"/> <!--   base=ಸ -->
		<map iso="B08" to=","/>
		<map iso="B09" to="."/>
		<map iso="B10" to="/"/> <!--   base=ಯ -->
		<map iso="A03" to=" "/> <!-- space -->
	</keyMap>
	<keyMap modifiers="opt+shift+caps? cmd+shift+opt?+caps?">
		<map iso="E00" to="~"/> <!-- `  base=ೊ -->
		<map iso="E01" to="!"/> <!-- 1  base=೧ -->
		<map iso="E02" to="@"/> <!-- 2  base=೨ -->
		<map iso="E03" to="#"/> <!-- 3  base=೩ -->
		<map iso="E04" to="$"/> <!-- 4  base=೪ -->
		<map iso="E05" to="%"/> <!-- 5  base=೫ -->
		<map iso="E06" to="^"/> <!-- 6  base=೬ -->
		<map iso="E07" to="&amp;"/> <!-- 7  base=೭ -->
		<map iso="E08" to="*"/> <!-- 8  base=೮ -->
		<map iso="E09" to="("/> <!-- 9  base=೯ -->
		<map iso="E10" to=")"/> <!-- 0  base=೦ -->
		<map iso="E11" to="_"/> <!-- - -->
		<map iso="E12" to="+"/> <!-- =  base=ೃ -->
		<map iso="D01" to="Q"/> <!--   base=ೌ -->
		<map iso="D02" to="W"/> <!--   base=ೈ -->
		<map iso="D03" to="E"/> <!--   base=ಾ -->
		<map iso="D04" to="R"/> <!--   base=ೀ -->
		<map iso="D05" to="T"/> <!--   base=ೂ -->
		<map iso="D06" to="Y"/> <!--   base=ಬ -->
		<map iso="D07" to="U"/> <!--   base=ಹ -->
		<map iso="D08" to="I"/> <!--   base=ಗ -->
		<map iso="D09" to="O"/> <!--   base=ದ -->
		<map iso="D10" to="P"/> <!--   base=ಜ -->
		<map iso="D11" to="{"/> <!-- [  base=ಡ -->
		<map iso="D12" to="}"/> <!-- ] -->
		<map iso="D13" to="|"/> <!-- \ -->
		<map iso="C01" to="A"/> <!--   base=ೋ -->
		<map iso="C02" to="S"/> <!--   base=ೇ -->
		<map iso="C03" to="D"/> <!--   base=್ -->
		<map iso="C04" to="F"/> <!--   base=ಿ -->
		<map iso="C05" to="G"/> <!--   base=ು -->
		<map iso="C06" to="H"/> <!--   base=ಪ -->
		<map iso="C07" to="J"/> <!--   base=ರ -->
		<map iso="C08" to="K"/> <!--   base=ಕ -->
		<map iso="C09" to="L"/> <!--   base=ತ -->
		<map iso="C10" to=":"/> <!-- ;  base=ಚ -->
		<map iso="C11" to="\u{22}"/> <!-- '  base=ಟ  to= "  -->
		<map iso="B01" to="Z"/> <!--   base=ೆ -->
		<map iso="B02" to="X"/> <!--   base=ಂ -->
		<map iso="B03" to="C"/> <!--   base=ಮ -->
		<map iso="B04" to="V"/> <!--   base=ನ -->
		<map iso="B05" to="B"/> <!--   base=ವ -->
		<map iso="B06" to="N"/> <!--   base=ಲ -->
		<map iso="B07" to="M"/> <!--   base=ಸ -->
		<map iso="B08" to="&lt;"/> <!-- , -->
		<map iso="B09" to="&gt;"/> <!-- . -->
		<map iso="B10" to="?"/> <!-- /  base=ಯ -->
		<map iso="A03" to=" "/> <!-- space -->
	</keyMap>
	<keyMap modifiers="ctrlL+cmd?+opt?+caps? ctrlL+shift+cmd?+optL?+caps? ctrlL+opt+cmd?+caps?+shiftL?">
		<map iso="E00" to="`"/> <!--   base=ೊ -->
		<map iso="E01" to="1"/> <!--   base=೧ -->
		<map iso="E02" to="2"/> <!--   base=೨ -->
		<map iso="E03" to="3"/> <!--   base=೩ -->
		<map iso="E04" to="4"/> <!--   base=೪ -->
		<map iso="E05" to="5"/> <!--   base=೫ -->
		<map iso="E06" to="6"/> <!--   base=೬ -->
		<map iso="E07" to="7"/> <!--   base=೭ -->
		<map iso="E08" to="8"/> <!--   base=೮ -->
		<map iso="E09" to="9"/> <!--   base=೯ -->
		<map iso="E10" to="0"/> <!--   base=೦ -->
		<map iso="E11" to="\u{1F}"/> <!-- - -->
		<map iso="E12" to="="/> <!--   base=ೃ -->
		<map iso="D01" to="\u{11}"/> <!-- Q  base=ೌ -->
		<map iso="D02" to="\u{17}"/> <!-- W  base=ೈ -->
		<map iso="D03" to="\u{5}"/> <!-- E  base=ಾ -->
		<map iso="D04" to="\u{12}"/> <!-- R  base=ೀ -->
		<map iso="D05" to="\u{14}"/> <!-- T  base=ೂ -->
		<map iso="D06" to="\u{19}"/> <!-- Y  base=ಬ -->
		<map iso="D07" to="\u{15}"/> <!-- U  base=ಹ -->
		<map iso="D08" to="\u{9}"/> <!-- I  base=ಗ -->
		<map iso="D09" to="\u{F}"/> <!-- O  base=ದ -->
		<map iso="D10" to="\u{10}"/> <!-- P  base=ಜ -->
		<map iso="D11" to="\u{1B}"/> <!-- [  base=ಡ -->
		<map iso="D12" to="\u{1D}"/> <!-- ] -->
		<map iso="D13" to="\u{1C}"/> <!-- \ -->
		<map iso="C01" to="\u{1}"/> <!-- A  base=ೋ -->
		<map iso="C02" to="\u{13}"/> <!-- S  base=ೇ -->
		<map iso="C03" to="\u{4}"/> <!-- D  base=್ -->
		<map iso="C04" to="\u{6}"/> <!-- F  base=ಿ -->
		<map iso="C05" to="\u{7}"/> <!-- G  base=ು -->
		<map iso="C06" to="\u{8}"/> <!-- H  base=ಪ -->
		<map iso="C07" to="\u{A}"/> <!-- J  base=ರ -->
		<map iso="C08" to="\u{B}"/> <!-- K  base=ಕ -->
		<map iso="C09" to="\u{C}"/> <!-- L  base=ತ -->
		<map iso="C10" to=";"/> <!--   base=ಚ -->
		<map iso="C11" to="&apos;"/> <!--   base=ಟ -->
		<map iso="B00" to="0"/> <!-- (key to left of Z) -->
		<map iso="B01" to="\u{1A}"/> <!-- Z  base=ೆ -->
		<map iso="B02" to="\u{18}"/> <!-- X  base=ಂ -->
		<map iso="B03" to="\u{3}"/> <!-- C  base=ಮ -->
		<map iso="B04" to="\u{16}"/> <!-- V  base=ನ -->
		<map iso="B05" to="\u{2}"/> <!-- B  base=ವ -->
		<map iso="B06" to="\u{E}"/> <!-- N  base=ಲ -->
		<map iso="B07" to="\u{D}"/> <!-- M  base=ಸ -->
		<map iso="B08" to=","/>
		<map iso="B09" to="."/>
		<map iso="B10" to="/"/> <!--   base=ಯ -->
		<map iso="A03" to=" "/> <!-- space -->
	</keyMap>
	<keyMap modifiers="cmd+opt?+caps?">
		<map iso="E00" to="`"/> <!--   base=ೊ -->
		<map iso="E01" to="1"/> <!--   base=೧ -->
		<map iso="E02" to="2"/> <!--   base=೨ -->
		<map iso="E03" to="3"/> <!--   base=೩ -->
		<map iso="E04" to="4"/> <!--   base=೪ -->
		<map iso="E05" to="5"/> <!--   base=೫ -->
		<map iso="E06" to="6"/> <!--   base=೬ -->
		<map iso="E07" to="7"/> <!--   base=೭ -->
		<map iso="E08" to="8"/> <!--   base=೮ -->
		<map iso="E09" to="9"/> <!--   base=೯ -->
		<map iso="E10" to="0"/> <!--   base=೦ -->
		<map iso="E11" to="-"/>
		<map iso="E12" to="="/> <!--   base=ೃ -->
		<map iso="D01" to="q"/> <!--   base=ೌ -->
		<map iso="D02" to="w"/> <!--   base=ೈ -->
		<map iso="D03" to="e"/> <!--   base=ಾ -->
		<map iso="D04" to="r"/> <!--   base=ೀ -->
		<map iso="D05" to="t"/> <!--   base=ೂ -->
		<map iso="D06" to="y"/> <!--   base=ಬ -->
		<map iso="D07" to="u"/> <!--   base=ಹ -->
		<map iso="D08" to="i"/> <!--   base=ಗ -->
		<map iso="D09" to="o"/> <!--   base=ದ -->
		<map iso="D10" to="p"/> <!--   base=ಜ -->
		<map iso="D11" to="["/> <!--   base=ಡ -->
		<map iso="D12" to="]"/>
		<map iso="D13" to="\"/>
		<map iso="C01" to="a"/> <!--   base=ೋ -->
		<map iso="C02" to="s"/> <!--   base=ೇ -->
		<map iso="C03" to="d"/> <!--   base=್ -->
		<map iso="C04" to="f"/> <!--   base=ಿ -->
		<map iso="C05" to="g"/> <!--   base=ು -->
		<map iso="C06" to="h"/> <!--   base=ಪ -->
		<map iso="C07" to="j"/> <!--   base=ರ -->
		<map iso="C08" to="k"/> <!--   base=ಕ -->
		<map iso="C09" to="l"/> <!--   base=ತ -->
		<map iso="C10" to=";"/> <!--   base=ಚ -->
		<map iso="C11" to="&apos;"/> <!--   base=ಟ -->
		<map iso="B01" to="z"/> <!--   base=ೆ -->
		<map iso="B02" to="x"/> <!--   base=ಂ -->
		<map iso="B03" to="c"/> <!--   base=ಮ -->
		<map iso="B04" to="v"/> <!--   base=ನ -->
		<map iso="B05" to="b"/> <!--   base=ವ -->
		<map iso="B06" to="n"/> <!--   base=ಲ -->
		<map iso="B07" to="m"/> <!--   base=ಸ -->
		<map iso="B08" to=","/>
		<map iso="B09" to="."/>
		<map iso="B10" to="/"/> <!--   base=ಯ -->
		<map iso="A03" to=" "/> <!-- space -->
	</keyMap>
	<transforms type="simple">
		<transform from="\u{CCD}\u{CCD}" to="\u{CCD}\u{200C}"/> <!--  ್್ → ್‌ -->
	</transforms>
</keyboard>

