<?xml version="1.0" encoding="UTF-8" ?>
<!DOCTYPE keyboard SYSTEM "../dtd/ldmlKeyboard.dtd">
<keyboard locale="ml-t-k0-osx">
	<version platform="10.9" number="$Revision: 11914 $"/>
	<names>
		<name value="Malayalam"/>
	</names>
	<keyMap>
		<map iso="E00" to="\u{D4A}"/> <!-- `  to= ൊ  -->
		<map iso="E01" to="൧"/> <!-- 1 -->
		<map iso="E02" to="൨"/> <!-- 2 -->
		<map iso="E03" to="൩"/> <!-- 3 -->
		<map iso="E04" to="൪"/> <!-- 4 -->
		<map iso="E05" to="൫"/> <!-- 5 -->
		<map iso="E06" to="൬"/> <!-- 6 -->
		<map iso="E07" to="൭"/> <!-- 7 -->
		<map iso="E08" to="൮"/> <!-- 8 -->
		<map iso="E09" to="൯"/> <!-- 9 -->
		<map iso="E10" to="൦"/> <!-- 0 -->
		<map iso="E11" to="-"/>
		<map iso="E12" to="\u{D43}"/> <!-- =  to= ൃ  -->
		<map iso="D01" to="\u{D4C}"/> <!-- Q  to= ൌ  -->
		<map iso="D02" to="\u{D48}"/> <!-- W  to= ൈ  -->
		<map iso="D03" to="\u{D3E}"/> <!-- E  to= ാ  -->
		<map iso="D04" to="\u{D40}"/> <!-- R  to= ീ  -->
		<map iso="D05" to="\u{D42}"/> <!-- T  to= ൂ  -->
		<map iso="D06" to="ബ"/> <!-- Y -->
		<map iso="D07" to="ഹ"/> <!-- U -->
		<map iso="D08" to="ഗ"/> <!-- I -->
		<map iso="D09" to="ദ"/> <!-- O -->
		<map iso="D10" to="ജ"/> <!-- P -->
		<map iso="D11" to="ഡ"/> <!-- [ -->
		<map iso="C01" to="\u{D4B}"/> <!-- A  to= ോ  -->
		<map iso="C02" to="\u{D47}"/> <!-- S  to= േ  -->
		<map iso="C03" to="\u{D4D}"/> <!-- D  to= ്  -->
		<map iso="C04" to="\u{D3F}"/> <!-- F  to= ി  -->
		<map iso="C05" to="\u{D41}"/> <!-- G  to= ു  -->
		<map iso="C06" to="പ"/> <!-- H -->
		<map iso="C07" to="ര"/> <!-- J -->
		<map iso="C08" to="ക"/> <!-- K -->
		<map iso="C09" to="ത"/> <!-- L -->
		<map iso="C10" to="ച"/> <!-- ; -->
		<map iso="C11" to="ട"/> <!-- ' -->
		<map iso="B01" to="\u{D46}"/> <!-- Z  to= െ  -->
		<map iso="B02" to="\u{D02}"/> <!-- X  to= ം  -->
		<map iso="B03" to="മ"/> <!-- C -->
		<map iso="B04" to="ന"/> <!-- V -->
		<map iso="B05" to="വ"/> <!-- B -->
		<map iso="B06" to="ല"/> <!-- N -->
		<map iso="B07" to="സ"/> <!-- M -->
		<map iso="B08" to=","/>
		<map iso="B09" to="."/>
		<map iso="B10" to="യ"/> <!-- / -->
		<map iso="A03" to=" "/> <!-- space -->
	</keyMap>
	<keyMap modifiers="shift+caps?">
		<map iso="E00" to="ഒ"/> <!-- `  base=ൊ -->
		<map iso="E03" to="\u{D4D}ര"/> <!-- 3  base=൩  to= ്ര  -->
		<map iso="E04" to="ര\u{D4D}" transform="no"/> <!-- 4  base=൪  to= ര്  -->
		<map iso="E05" to="ജ\u{D4D}ഞ"/> <!-- 5  base=൫  to= ജ്ഞ  -->
		<map iso="E06" to="ത\u{D4D}ര"/> <!-- 6  base=൬  to= ത്ര  -->
		<map iso="E07" to="ക\u{D4D}ഷ"/> <!-- 7  base=൭  to= ക്ഷ  -->
		<map iso="E08" to="ശ\u{D4D}ര"/> <!-- 8  base=൮  to= ശ്ര  -->
		<map iso="E09" to="("/> <!-- 9  base=൯ -->
		<map iso="E10" to=")"/> <!-- 0  base=൦ -->
		<map iso="E11" to="\u{D03}"/> <!-- -  to= ഃ  -->
		<map iso="E12" to="ഋ"/> <!-- =  base=ൃ -->
		<map iso="D01" to="ഔ"/> <!-- Q  base=ൌ -->
		<map iso="D02" to="ഐ"/> <!-- W  base=ൈ -->
		<map iso="D03" to="ആ"/> <!-- E  base=ാ -->
		<map iso="D04" to="ഈ"/> <!-- R  base=ീ -->
		<map iso="D05" to="ഊ"/> <!-- T  base=ൂ -->
		<map iso="D06" to="ഭ"/> <!-- Y  base=ബ -->
		<map iso="D07" to="ങ"/> <!-- U  base=ഹ -->
		<map iso="D08" to="ഘ"/> <!-- I  base=ഗ -->
		<map iso="D09" to="ധ"/> <!-- O  base=ദ -->
		<map iso="D10" to="ഝ"/> <!-- P  base=ജ -->
		<map iso="D11" to="ഢ"/> <!-- [  base=ഡ -->
		<map iso="D12" to="ഞ"/> <!-- ] -->
		<map iso="C01" to="ഓ"/> <!-- A  base=ോ -->
		<map iso="C02" to="ഏ"/> <!-- S  base=േ -->
		<map iso="C03" to="അ"/> <!-- D  base=് -->
		<map iso="C04" to="ഇ"/> <!-- F  base=ി -->
		<map iso="C05" to="ഉ"/> <!-- G  base=ു -->
		<map iso="C06" to="ഫ"/> <!-- H  base=പ -->
		<map iso="C07" to="റ"/> <!-- J  base=ര -->
		<map iso="C08" to="ഖ"/> <!-- K  base=ക -->
		<map iso="C09" to="ഥ"/> <!-- L  base=ത -->
		<map iso="C10" to="ഛ"/> <!-- ;  base=ച -->
		<map iso="C11" to="ഠ"/> <!-- '  base=ട -->
		<map iso="B01" to="എ"/> <!-- Z  base=െ -->
		<map iso="B03" to="ണ"/> <!-- C  base=മ -->
		<map iso="B05" to="ഴ"/> <!-- B  base=വ -->
		<map iso="B06" to="ള"/> <!-- N  base=ല -->
		<map iso="B07" to="ശ"/> <!-- M  base=സ -->
		<map iso="B08" to="ഷ"/> <!-- , -->
		<map iso="A03" to=" "/> <!-- space -->
	</keyMap>
	<keyMap modifiers="caps">
		<map iso="E00" to="\u{D4A}"/> <!-- `  to= ൊ  -->
		<map iso="E01" to="1"/> <!--   base=൧ -->
		<map iso="E02" to="2"/> <!--   base=൨ -->
		<map iso="E03" to="3"/> <!--   base=൩ -->
		<map iso="E04" to="4"/> <!--   base=൪ -->
		<map iso="E05" to="5"/> <!--   base=൫ -->
		<map iso="E06" to="6"/> <!--   base=൬ -->
		<map iso="E07" to="7"/> <!--   base=൭ -->
		<map iso="E08" to="8"/> <!--   base=൮ -->
		<map iso="E09" to="9"/> <!--   base=൯ -->
		<map iso="E10" to="0"/> <!--   base=൦ -->
		<map iso="E11" to="-"/>
		<map iso="E12" to="\u{D43}"/> <!-- =  to= ൃ  -->
		<map iso="D01" to="\u{D4C}"/> <!-- Q  to= ൌ  -->
		<map iso="D02" to="\u{D48}"/> <!-- W  to= ൈ  -->
		<map iso="D03" to="\u{D3E}"/> <!-- E  to= ാ  -->
		<map iso="D04" to="\u{D40}"/> <!-- R  to= ീ  -->
		<map iso="D05" to="\u{D42}"/> <!-- T  to= ൂ  -->
		<map iso="D06" to="ബ"/> <!-- Y -->
		<map iso="D07" to="ഹ"/> <!-- U -->
		<map iso="D08" to="ഗ"/> <!-- I -->
		<map iso="D09" to="ദ"/> <!-- O -->
		<map iso="D10" to="ജ"/> <!-- P -->
		<map iso="D11" to="ഡ"/> <!-- [ -->
		<map iso="C01" to="\u{D4B}"/> <!-- A  to= ോ  -->
		<map iso="C02" to="\u{D47}"/> <!-- S  to= േ  -->
		<map iso="C03" to="\u{D4D}" transform="no"/> <!-- D  to= ്  -->
		<map iso="C04" to="\u{D3F}"/> <!-- F  to= ി  -->
		<map iso="C05" to="\u{D41}"/> <!-- G  to= ു  -->
		<map iso="C06" to="പ"/> <!-- H -->
		<map iso="C07" to="ര"/> <!-- J -->
		<map iso="C08" to="ക"/> <!-- K -->
		<map iso="C09" to="ത"/> <!-- L -->
		<map iso="C10" to="ച"/> <!-- ; -->
		<map iso="C11" to="ട"/> <!-- ' -->
		<map iso="B01" to="\u{D46}"/> <!-- Z  to= െ  -->
		<map iso="B02" to="\u{D02}"/> <!-- X  to= ം  -->
		<map iso="B03" to="മ"/> <!-- C -->
		<map iso="B04" to="ന"/> <!-- V -->
		<map iso="B05" to="വ"/> <!-- B -->
		<map iso="B06" to="ല"/> <!-- N -->
		<map iso="B07" to="സ"/> <!-- M -->
		<map iso="B08" to=","/>
		<map iso="B09" to="."/>
		<map iso="B10" to="യ"/> <!-- / -->
		<map iso="A03" to=" "/> <!-- space -->
	</keyMap>
	<keyMap modifiers="opt+caps?">
		<map iso="E00" to="`"/> <!--   base=ൊ -->
		<map iso="E01" to="1"/> <!--   base=൧ -->
		<map iso="E02" to="2"/> <!--   base=൨ -->
		<map iso="E03" to="3"/> <!--   base=൩ -->
		<map iso="E04" to="4"/> <!--   base=൪ -->
		<map iso="E05" to="5"/> <!--   base=൫ -->
		<map iso="E06" to="6"/> <!--   base=൬ -->
		<map iso="E07" to="7"/> <!--   base=൭ -->
		<map iso="E08" to="8"/> <!--   base=൮ -->
		<map iso="E09" to="9"/> <!--   base=൯ -->
		<map iso="E10" to="0"/> <!--   base=൦ -->
		<map iso="E11" to="—"/> <!-- - -->
		<map iso="E12" to="="/> <!--   base=ൃ -->
		<map iso="D01" to="q"/> <!--   base=ൌ -->
		<map iso="D02" to="w"/> <!--   base=ൈ -->
		<map iso="D03" to="e"/> <!--   base=ാ -->
		<map iso="D04" to="r"/> <!--   base=ീ -->
		<map iso="D05" to="t"/> <!--   base=ൂ -->
		<map iso="D06" to="y"/> <!--   base=ബ -->
		<map iso="D07" to="u"/> <!--   base=ഹ -->
		<map iso="D08" to="i"/> <!--   base=ഗ -->
		<map iso="D09" to="o"/> <!--   base=ദ -->
		<map iso="D10" to="p"/> <!--   base=ജ -->
		<map iso="D11" to="["/> <!--   base=ഡ -->
		<map iso="D12" to="]"/>
		<map iso="D13" to="\"/>
		<map iso="C01" to="a"/> <!--   base=ോ -->
		<map iso="C02" to="s"/> <!--   base=േ -->
		<map iso="C03" to="d"/> <!--   base=് -->
		<map iso="C04" to="f"/> <!--   base=ി -->
		<map iso="C05" to="g"/> <!--   base=ു -->
		<map iso="C06" to="h"/> <!--   base=പ -->
		<map iso="C07" to="j"/> <!--   base=ര -->
		<map iso="C08" to="k"/> <!--   base=ക -->
		<map iso="C09" to="l"/> <!--   base=ത -->
		<map iso="C10" to=";"/> <!--   base=ച -->
		<map iso="C11" to="&apos;"/> <!--   base=ട -->
		<map iso="B01" to="z"/> <!--   base=െ -->
		<map iso="B02" to="x"/> <!--   base=ം -->
		<map iso="B03" to="c"/> <!--   base=മ -->
		<map iso="B04" to="v"/> <!--   base=ന -->
		<map iso="B05" to="b"/> <!--   base=വ -->
		<map iso="B06" to="n"/> <!--   base=ല -->
		<map iso="B07" to="m"/> <!--   base=സ -->
		<map iso="B08" to=","/>
		<map iso="B09" to="."/>
		<map iso="B10" to="/"/> <!--   base=യ -->
		<map iso="A03" to=" "/> <!-- space -->
	</keyMap>
	<keyMap modifiers="opt+shift+caps? cmd+shift+opt?+caps?">
		<map iso="E00" to="~"/> <!-- `  base=ൊ -->
		<map iso="E01" to="!"/> <!-- 1  base=൧ -->
		<map iso="E02" to="@"/> <!-- 2  base=൨ -->
		<map iso="E03" to="#"/> <!-- 3  base=൩ -->
		<map iso="E04" to="$"/> <!-- 4  base=൪ -->
		<map iso="E05" to="%"/> <!-- 5  base=൫ -->
		<map iso="E06" to="^"/> <!-- 6  base=൬ -->
		<map iso="E07" to="&amp;"/> <!-- 7  base=൭ -->
		<map iso="E08" to="*"/> <!-- 8  base=൮ -->
		<map iso="E09" to="("/> <!-- 9  base=൯ -->
		<map iso="E10" to=")"/> <!-- 0  base=൦ -->
		<map iso="E11" to="_"/> <!-- - -->
		<map iso="E12" to="+"/> <!-- =  base=ൃ -->
		<map iso="D01" to="Q"/> <!--   base=ൌ -->
		<map iso="D02" to="W"/> <!--   base=ൈ -->
		<map iso="D03" to="E"/> <!--   base=ാ -->
		<map iso="D04" to="R"/> <!--   base=ീ -->
		<map iso="D05" to="T"/> <!--   base=ൂ -->
		<map iso="D06" to="Y"/> <!--   base=ബ -->
		<map iso="D07" to="U"/> <!--   base=ഹ -->
		<map iso="D08" to="I"/> <!--   base=ഗ -->
		<map iso="D09" to="O"/> <!--   base=ദ -->
		<map iso="D10" to="P"/> <!--   base=ജ -->
		<map iso="D11" to="{"/> <!-- [  base=ഡ -->
		<map iso="D12" to="}"/> <!-- ] -->
		<map iso="D13" to="|"/> <!-- \ -->
		<map iso="C01" to="A"/> <!--   base=ോ -->
		<map iso="C02" to="S"/> <!--   base=േ -->
		<map iso="C03" to="D"/> <!--   base=് -->
		<map iso="C04" to="F"/> <!--   base=ി -->
		<map iso="C05" to="G"/> <!--   base=ു -->
		<map iso="C06" to="H"/> <!--   base=പ -->
		<map iso="C07" to="J"/> <!--   base=ര -->
		<map iso="C08" to="K"/> <!--   base=ക -->
		<map iso="C09" to="L"/> <!--   base=ത -->
		<map iso="C10" to=":"/> <!-- ;  base=ച -->
		<map iso="C11" to="\u{22}"/> <!-- '  base=ട  to= "  -->
		<map iso="B01" to="Z"/> <!--   base=െ -->
		<map iso="B02" to="X"/> <!--   base=ം -->
		<map iso="B03" to="C"/> <!--   base=മ -->
		<map iso="B04" to="V"/> <!--   base=ന -->
		<map iso="B05" to="B"/> <!--   base=വ -->
		<map iso="B06" to="N"/> <!--   base=ല -->
		<map iso="B07" to="M"/> <!--   base=സ -->
		<map iso="B08" to="&lt;"/> <!-- , -->
		<map iso="B09" to="&gt;"/> <!-- . -->
		<map iso="B10" to="?"/> <!-- /  base=യ -->
		<map iso="A03" to=" "/> <!-- space -->
	</keyMap>
	<keyMap modifiers="ctrlL+cmd?+opt?+caps? ctrlL+shift+cmd?+optL?+caps? ctrlL+opt+cmd?+caps?+shiftL?">
		<map iso="E00" to="`"/> <!--   base=ൊ -->
		<map iso="E01" to="1"/> <!--   base=൧ -->
		<map iso="E02" to="2"/> <!--   base=൨ -->
		<map iso="E03" to="3"/> <!--   base=൩ -->
		<map iso="E04" to="4"/> <!--   base=൪ -->
		<map iso="E05" to="5"/> <!--   base=൫ -->
		<map iso="E06" to="6"/> <!--   base=൬ -->
		<map iso="E07" to="7"/> <!--   base=൭ -->
		<map iso="E08" to="8"/> <!--   base=൮ -->
		<map iso="E09" to="9"/> <!--   base=൯ -->
		<map iso="E10" to="0"/> <!--   base=൦ -->
		<map iso="E11" to="\u{1F}"/> <!-- - -->
		<map iso="E12" to="="/> <!--   base=ൃ -->
		<map iso="D01" to="\u{11}"/> <!-- Q  base=ൌ -->
		<map iso="D02" to="\u{17}"/> <!-- W  base=ൈ -->
		<map iso="D03" to="\u{5}"/> <!-- E  base=ാ -->
		<map iso="D04" to="\u{12}"/> <!-- R  base=ീ -->
		<map iso="D05" to="\u{14}"/> <!-- T  base=ൂ -->
		<map iso="D06" to="\u{19}"/> <!-- Y  base=ബ -->
		<map iso="D07" to="\u{15}"/> <!-- U  base=ഹ -->
		<map iso="D08" to="\u{9}"/> <!-- I  base=ഗ -->
		<map iso="D09" to="\u{F}"/> <!-- O  base=ദ -->
		<map iso="D10" to="\u{10}"/> <!-- P  base=ജ -->
		<map iso="D11" to="\u{1B}"/> <!-- [  base=ഡ -->
		<map iso="D12" to="\u{1D}"/> <!-- ] -->
		<map iso="D13" to="\u{1C}"/> <!-- \ -->
		<map iso="C01" to="\u{1}"/> <!-- A  base=ോ -->
		<map iso="C02" to="\u{13}"/> <!-- S  base=േ -->
		<map iso="C03" to="\u{4}"/> <!-- D  base=് -->
		<map iso="C04" to="\u{6}"/> <!-- F  base=ി -->
		<map iso="C05" to="\u{7}"/> <!-- G  base=ു -->
		<map iso="C06" to="\u{8}"/> <!-- H  base=പ -->
		<map iso="C07" to="\u{A}"/> <!-- J  base=ര -->
		<map iso="C08" to="\u{B}"/> <!-- K  base=ക -->
		<map iso="C09" to="\u{C}"/> <!-- L  base=ത -->
		<map iso="C10" to=";"/> <!--   base=ച -->
		<map iso="C11" to="&apos;"/> <!--   base=ട -->
		<map iso="B00" to="0"/> <!-- (key to left of Z) -->
		<map iso="B01" to="\u{1A}"/> <!-- Z  base=െ -->
		<map iso="B02" to="\u{18}"/> <!-- X  base=ം -->
		<map iso="B03" to="\u{3}"/> <!-- C  base=മ -->
		<map iso="B04" to="\u{16}"/> <!-- V  base=ന -->
		<map iso="B05" to="\u{2}"/> <!-- B  base=വ -->
		<map iso="B06" to="\u{E}"/> <!-- N  base=ല -->
		<map iso="B07" to="\u{D}"/> <!-- M  base=സ -->
		<map iso="B08" to=","/>
		<map iso="B09" to="."/>
		<map iso="B10" to="/"/> <!--   base=യ -->
		<map iso="A03" to=" "/> <!-- space -->
	</keyMap>
	<keyMap modifiers="cmd+opt?+caps?">
		<map iso="E00" to="`"/> <!--   base=ൊ -->
		<map iso="E01" to="1"/> <!--   base=൧ -->
		<map iso="E02" to="2"/> <!--   base=൨ -->
		<map iso="E03" to="3"/> <!--   base=൩ -->
		<map iso="E04" to="4"/> <!--   base=൪ -->
		<map iso="E05" to="5"/> <!--   base=൫ -->
		<map iso="E06" to="6"/> <!--   base=൬ -->
		<map iso="E07" to="7"/> <!--   base=൭ -->
		<map iso="E08" to="8"/> <!--   base=൮ -->
		<map iso="E09" to="9"/> <!--   base=൯ -->
		<map iso="E10" to="0"/> <!--   base=൦ -->
		<map iso="E11" to="-"/>
		<map iso="E12" to="="/> <!--   base=ൃ -->
		<map iso="D01" to="q"/> <!--   base=ൌ -->
		<map iso="D02" to="w"/> <!--   base=ൈ -->
		<map iso="D03" to="e"/> <!--   base=ാ -->
		<map iso="D04" to="r"/> <!--   base=ീ -->
		<map iso="D05" to="t"/> <!--   base=ൂ -->
		<map iso="D06" to="y"/> <!--   base=ബ -->
		<map iso="D07" to="u"/> <!--   base=ഹ -->
		<map iso="D08" to="i"/> <!--   base=ഗ -->
		<map iso="D09" to="o"/> <!--   base=ദ -->
		<map iso="D10" to="p"/> <!--   base=ജ -->
		<map iso="D11" to="["/> <!--   base=ഡ -->
		<map iso="D12" to="]"/>
		<map iso="D13" to="\"/>
		<map iso="C01" to="a"/> <!--   base=ോ -->
		<map iso="C02" to="s"/> <!--   base=േ -->
		<map iso="C03" to="d"/> <!--   base=് -->
		<map iso="C04" to="f"/> <!--   base=ി -->
		<map iso="C05" to="g"/> <!--   base=ു -->
		<map iso="C06" to="h"/> <!--   base=പ -->
		<map iso="C07" to="j"/> <!--   base=ര -->
		<map iso="C08" to="k"/> <!--   base=ക -->
		<map iso="C09" to="l"/> <!--   base=ത -->
		<map iso="C10" to=";"/> <!--   base=ച -->
		<map iso="C11" to="&apos;"/> <!--   base=ട -->
		<map iso="B01" to="z"/> <!--   base=െ -->
		<map iso="B02" to="x"/> <!--   base=ം -->
		<map iso="B03" to="c"/> <!--   base=മ -->
		<map iso="B04" to="v"/> <!--   base=ന -->
		<map iso="B05" to="b"/> <!--   base=വ -->
		<map iso="B06" to="n"/> <!--   base=ല -->
		<map iso="B07" to="m"/> <!--   base=സ -->
		<map iso="B08" to=","/>
		<map iso="B09" to="."/>
		<map iso="B10" to="/"/> <!--   base=യ -->
		<map iso="A03" to=" "/> <!-- space -->
	</keyMap>
	<transforms type="simple">
		<transform from="കക\u{D4D}\u{D4D}" to="ൿ"/> <!--  കക്് → ൿ -->
		<transform from="ണണ\u{D4D}\u{D4D}" to="ൺ"/> <!--  ണണ്് → ൺ -->
		<transform from="നന\u{D4D}\u{D4D}" to="ൻ"/> <!--  നന്് → ൻ -->
		<transform from="രര\u{D4D}\u{D4D}" to="ർ"/> <!--  രര്് → ർ -->
		<transform from="ലല\u{D4D}\u{D4D}" to="ൽ"/> <!--  ലല്് → ൽ -->
		<transform from="ളള\u{D4D}\u{D4D}" to="ൾ"/> <!--  ളള്് → ൾ -->
	</transforms>
</keyboard>

