<?xml version="1.0" encoding="UTF-8" ?>
<!DOCTYPE keyboard SYSTEM "../dtd/ldmlKeyboard.dtd">
<keyboard locale="th-t-k0-osx">
	<version platform="10.9" number="$Revision: 11914 $"/>
	<names>
		<name value="Thai"/>
	</names>
	<keyMap>
		<map iso="E00" to="-"/> <!-- ` -->
		<map iso="E01" to="ๅ"/> <!-- 1 -->
		<map iso="E02" to="/"/> <!-- 2 -->
		<map iso="E03" to="_"/> <!-- 3 -->
		<map iso="E04" to="ภ"/> <!-- 4 -->
		<map iso="E05" to="ถ"/> <!-- 5 -->
		<map iso="E06" to="\u{E38}"/> <!-- 6  to= ุ  -->
		<map iso="E07" to="\u{E36}"/> <!-- 7  to= ึ  -->
		<map iso="E08" to="ค"/> <!-- 8 -->
		<map iso="E09" to="ต"/> <!-- 9 -->
		<map iso="E10" to="จ"/> <!-- 0 -->
		<map iso="E11" to="ข"/> <!-- - -->
		<map iso="E12" to="ช"/> <!-- = -->
		<map iso="D01" to="ๆ"/> <!-- Q -->
		<map iso="D02" to="ไ"/> <!-- W -->
		<map iso="D03" to="ำ"/> <!-- E -->
		<map iso="D04" to="พ"/> <!-- R -->
		<map iso="D05" to="ะ"/> <!-- T -->
		<map iso="D06" to="\u{E31}"/> <!-- Y  to= ั  -->
		<map iso="D07" to="\u{E35}"/> <!-- U  to= ี  -->
		<map iso="D08" to="ร"/> <!-- I -->
		<map iso="D09" to="น"/> <!-- O -->
		<map iso="D10" to="ย"/> <!-- P -->
		<map iso="D11" to="บ"/> <!-- [ -->
		<map iso="D12" to="ล"/> <!-- ] -->
		<map iso="D13" to="ฃ"/> <!-- \ -->
		<map iso="C01" to="ฟ"/> <!-- A -->
		<map iso="C02" to="ห"/> <!-- S -->
		<map iso="C03" to="ก"/> <!-- D -->
		<map iso="C04" to="ด"/> <!-- F -->
		<map iso="C05" to="เ"/> <!-- G -->
		<map iso="C06" to="\u{E49}"/> <!-- H  to= ้  -->
		<map iso="C07" to="\u{E48}"/> <!-- J  to= ่  -->
		<map iso="C08" to="า"/> <!-- K -->
		<map iso="C09" to="ส"/> <!-- L -->
		<map iso="C10" to="ว"/> <!-- ; -->
		<map iso="C11" to="ง"/> <!-- ' -->
		<map iso="B01" to="ผ"/> <!-- Z -->
		<map iso="B02" to="ป"/> <!-- X -->
		<map iso="B03" to="แ"/> <!-- C -->
		<map iso="B04" to="อ"/> <!-- V -->
		<map iso="B05" to="\u{E34}"/> <!-- B  to= ิ  -->
		<map iso="B06" to="\u{E37}"/> <!-- N  to= ื  -->
		<map iso="B07" to="ท"/> <!-- M -->
		<map iso="B08" to="ม"/> <!-- , -->
		<map iso="B09" to="ใ"/> <!-- . -->
		<map iso="B10" to="ฝ"/> <!-- / -->
		<map iso="A03" to=" "/> <!-- space -->
	</keyMap>
	<keyMap modifiers="shiftR+shiftL? cmd+shift+opt?+caps?">
		<map iso="E00" to="~"/> <!-- `  base=- -->
		<map iso="E01" to="!"/> <!-- 1  base=ๅ -->
		<map iso="E02" to="@"/> <!-- 2  base=/ -->
		<map iso="E03" to="#"/> <!-- 3  base=_ -->
		<map iso="E04" to="$"/> <!-- 4  base=ภ -->
		<map iso="E05" to="%"/> <!-- 5  base=ถ -->
		<map iso="E06" to="^"/> <!-- 6  base=ุ -->
		<map iso="E07" to="&amp;"/> <!-- 7  base=ึ -->
		<map iso="E08" to="*"/> <!-- 8  base=ค -->
		<map iso="E09" to="("/> <!-- 9  base=ต -->
		<map iso="E10" to=")"/> <!-- 0  base=จ -->
		<map iso="E11" to="_"/> <!-- -  base=ข -->
		<map iso="E12" to="+"/> <!-- =  base=ช -->
		<map iso="D01" to="Q"/> <!--   base=ๆ -->
		<map iso="D02" to="W"/> <!--   base=ไ -->
		<map iso="D03" to="E"/> <!--   base=ำ -->
		<map iso="D04" to="R"/> <!--   base=พ -->
		<map iso="D05" to="T"/> <!--   base=ะ -->
		<map iso="D06" to="Y"/> <!--   base=ั -->
		<map iso="D07" to="U"/> <!--   base=ี -->
		<map iso="D08" to="I"/> <!--   base=ร -->
		<map iso="D09" to="O"/> <!--   base=น -->
		<map iso="D10" to="P"/> <!--   base=ย -->
		<map iso="D11" to="{"/> <!-- [  base=บ -->
		<map iso="D12" to="}"/> <!-- ]  base=ล -->
		<map iso="D13" to="|"/> <!-- \  base=ฃ -->
		<map iso="C01" to="A"/> <!--   base=ฟ -->
		<map iso="C02" to="S"/> <!--   base=ห -->
		<map iso="C03" to="D"/> <!--   base=ก -->
		<map iso="C04" to="F"/> <!--   base=ด -->
		<map iso="C05" to="G"/> <!--   base=เ -->
		<map iso="C06" to="H"/> <!--   base=้ -->
		<map iso="C07" to="J"/> <!--   base=่ -->
		<map iso="C08" to="K"/> <!--   base=า -->
		<map iso="C09" to="L"/> <!--   base=ส -->
		<map iso="C10" to=":"/> <!-- ;  base=ว -->
		<map iso="C11" to="\u{22}"/> <!-- '  base=ง  to= "  -->
		<map iso="B01" to="Z"/> <!--   base=ผ -->
		<map iso="B02" to="X"/> <!--   base=ป -->
		<map iso="B03" to="C"/> <!--   base=แ -->
		<map iso="B04" to="V"/> <!--   base=อ -->
		<map iso="B05" to="B"/> <!--   base=ิ -->
		<map iso="B06" to="N"/> <!--   base=ื -->
		<map iso="B07" to="M"/> <!--   base=ท -->
		<map iso="B08" to="&lt;"/> <!-- ,  base=ม -->
		<map iso="B09" to="&gt;"/> <!-- .  base=ใ -->
		<map iso="B10" to="?"/> <!-- /  base=ฝ -->
		<map iso="A03" to=" "/> <!-- space -->
	</keyMap>
	<keyMap modifiers="shiftL">
		<map iso="E00" to="%"/> <!-- `  base=- -->
		<map iso="E01" to="+"/> <!-- 1  base=ๅ -->
		<map iso="E02" to="๑"/> <!-- 2  base=/ -->
		<map iso="E03" to="๒"/> <!-- 3  base=_ -->
		<map iso="E04" to="๓"/> <!-- 4  base=ภ -->
		<map iso="E05" to="๔"/> <!-- 5  base=ถ -->
		<map iso="E06" to="\u{E39}"/> <!-- 6  base=ุ  to= ู  -->
		<map iso="E07" to="฿"/> <!-- 7  base=ึ -->
		<map iso="E08" to="๕"/> <!-- 8  base=ค -->
		<map iso="E09" to="๖"/> <!-- 9  base=ต -->
		<map iso="E10" to="๗"/> <!-- 0  base=จ -->
		<map iso="E11" to="๘"/> <!-- -  base=ข -->
		<map iso="E12" to="๙"/> <!-- =  base=ช -->
		<map iso="D01" to="๐"/> <!-- Q  base=ๆ -->
		<map iso="D02" to="\u{22}"/> <!-- W  base=ไ  to= "  -->
		<map iso="D03" to="ฎ"/> <!-- E  base=ำ -->
		<map iso="D04" to="ฑ"/> <!-- R  base=พ -->
		<map iso="D05" to="ธ"/> <!-- T  base=ะ -->
		<map iso="D06" to="\u{E4D}"/> <!-- Y  base=ั  to= ํ  -->
		<map iso="D07" to="\u{E4A}"/> <!-- U  base=ี  to= ๊  -->
		<map iso="D08" to="ณ"/> <!-- I  base=ร -->
		<map iso="D09" to="ฯ"/> <!-- O  base=น -->
		<map iso="D10" to="ญ"/> <!-- P  base=ย -->
		<map iso="D11" to="ฐ"/> <!-- [  base=บ -->
		<map iso="D12" to=","/> <!-- ]  base=ล -->
		<map iso="D13" to="ฅ"/> <!-- \  base=ฃ -->
		<map iso="C01" to="ฤ"/> <!-- A  base=ฟ -->
		<map iso="C02" to="ฆ"/> <!-- S  base=ห -->
		<map iso="C03" to="ฏ"/> <!-- D  base=ก -->
		<map iso="C04" to="โ"/> <!-- F  base=ด -->
		<map iso="C05" to="ฌ"/> <!-- G  base=เ -->
		<map iso="C06" to="\u{E47}"/> <!-- H  base=้  to= ็  -->
		<map iso="C07" to="\u{E4B}"/> <!-- J  base=่  to= ๋  -->
		<map iso="C08" to="ษ"/> <!-- K  base=า -->
		<map iso="C09" to="ศ"/> <!-- L  base=ส -->
		<map iso="C10" to="ซ"/> <!-- ;  base=ว -->
		<map iso="C11" to="."/> <!-- '  base=ง -->
		<map iso="B01" to="("/> <!-- Z  base=ผ -->
		<map iso="B02" to=")"/> <!-- X  base=ป -->
		<map iso="B03" to="ฉ"/> <!-- C  base=แ -->
		<map iso="B04" to="ฮ"/> <!-- V  base=อ -->
		<map iso="B05" to="\u{E3A}"/> <!-- B  base=ิ  to= ฺ  -->
		<map iso="B06" to="\u{E4C}"/> <!-- N  base=ื  to= ์  -->
		<map iso="B07" to="?"/> <!-- M  base=ท -->
		<map iso="B08" to="ฒ"/> <!-- ,  base=ม -->
		<map iso="B09" to="ฬ"/> <!-- .  base=ใ -->
		<map iso="B10" to="ฦ"/> <!-- /  base=ฝ -->
		<map iso="A03" to="\u{200B}"/> <!-- space -->
	</keyMap>
	<keyMap modifiers="caps+cmd?">
		<map iso="E00" to="`"/> <!--   base=- -->
		<map iso="E01" to="1"/> <!--   base=ๅ -->
		<map iso="E02" to="2"/> <!--   base=/ -->
		<map iso="E03" to="3"/> <!--   base=_ -->
		<map iso="E04" to="4"/> <!--   base=ภ -->
		<map iso="E05" to="5"/> <!--   base=ถ -->
		<map iso="E06" to="6"/> <!--   base=ุ -->
		<map iso="E07" to="7"/> <!--   base=ึ -->
		<map iso="E08" to="8"/> <!--   base=ค -->
		<map iso="E09" to="9"/> <!--   base=ต -->
		<map iso="E10" to="0"/> <!--   base=จ -->
		<map iso="E11" to="-"/> <!--   base=ข -->
		<map iso="E12" to="="/> <!--   base=ช -->
		<map iso="D01" to="q"/> <!--   base=ๆ -->
		<map iso="D02" to="w"/> <!--   base=ไ -->
		<map iso="D03" to="e"/> <!--   base=ำ -->
		<map iso="D04" to="r"/> <!--   base=พ -->
		<map iso="D05" to="t"/> <!--   base=ะ -->
		<map iso="D06" to="y"/> <!--   base=ั -->
		<map iso="D07" to="u"/> <!--   base=ี -->
		<map iso="D08" to="i"/> <!--   base=ร -->
		<map iso="D09" to="o"/> <!--   base=น -->
		<map iso="D10" to="p"/> <!--   base=ย -->
		<map iso="D11" to="["/> <!--   base=บ -->
		<map iso="D12" to="]"/> <!--   base=ล -->
		<map iso="D13" to="\"/> <!--   base=ฃ -->
		<map iso="C01" to="a"/> <!--   base=ฟ -->
		<map iso="C02" to="s"/> <!--   base=ห -->
		<map iso="C03" to="d"/> <!--   base=ก -->
		<map iso="C04" to="f"/> <!--   base=ด -->
		<map iso="C05" to="g"/> <!--   base=เ -->
		<map iso="C06" to="h"/> <!--   base=้ -->
		<map iso="C07" to="j"/> <!--   base=่ -->
		<map iso="C08" to="k"/> <!--   base=า -->
		<map iso="C09" to="l"/> <!--   base=ส -->
		<map iso="C10" to=";"/> <!--   base=ว -->
		<map iso="C11" to="&apos;"/> <!--   base=ง -->
		<map iso="B01" to="z"/> <!--   base=ผ -->
		<map iso="B02" to="x"/> <!--   base=ป -->
		<map iso="B03" to="c"/> <!--   base=แ -->
		<map iso="B04" to="v"/> <!--   base=อ -->
		<map iso="B05" to="b"/> <!--   base=ิ -->
		<map iso="B06" to="n"/> <!--   base=ื -->
		<map iso="B07" to="m"/> <!--   base=ท -->
		<map iso="B08" to=","/> <!--   base=ม -->
		<map iso="B09" to="."/> <!--   base=ใ -->
		<map iso="B10" to="/"/> <!--   base=ฝ -->
		<map iso="A03" to=" "/> <!-- space -->
	</keyMap>
	<keyMap modifiers="optR+caps+optL?">
		<map iso="E00" to="`"/> <!--   base=- -->
		<map iso="E01" to="ม"/> <!-- 1  base=ๅ -->
		<map iso="E02" to="ช"/> <!-- 2  base=/ -->
		<map iso="E03" to="ฃ"/> <!-- 3  base=_ -->
		<map iso="E04" to="ข"/> <!-- 4  base=ภ -->
		<map iso="E05" to="ฐ"/> <!-- 5  base=ถ -->
		<map iso="E06" to="ค"/> <!-- 6  base=ุ -->
		<map iso="E07" to="ฆ"/> <!-- 7  base=ึ -->
		<map iso="E08" to="ฅ"/> <!-- 8  base=ค -->
		<map iso="E09" to="ป"/> <!-- 9  base=ต -->
		<map iso="E10" to="ผ"/> <!-- 0  base=จ -->
		<map iso="E11" to="ะ"/> <!-- -  base=ข -->
		<map iso="E12" to="ญ"/> <!-- =  base=ช -->
		<map iso="D01" to="ฮ"/> <!-- Q  base=ๆ -->
		<map iso="D02" to="ใ"/> <!-- W  base=ไ -->
		<map iso="D03" to="ไ"/> <!-- E  base=ำ -->
		<map iso="D04" to="ๅ"/> <!-- R  base=พ -->
		<map iso="D05" to="ๆ"/> <!-- T  base=ะ -->
		<map iso="D06" to="\u{E47}"/> <!-- Y  base=ั  to= ็  -->
		<map iso="D07" to="\u{E48}"/> <!-- U  base=ี  to= ่  -->
		<map iso="D08" to="\u{E49}"/> <!-- I  base=ร  to= ้  -->
		<map iso="D09" to="ฏ"/> <!-- O  base=น -->
		<map iso="D10" to="ธ"/> <!-- P  base=ย -->
		<map iso="D11" to="า"/> <!-- [  base=บ -->
		<map iso="D12" to="\u{E34}"/> <!-- ]  base=ล  to= ิ  -->
		<map iso="D13" to="ว"/> <!-- \  base=ฃ -->
		<map iso="C01" to="»"/> <!-- A  base=ฟ -->
		<map iso="C02" to="\u{E4A}"/> <!-- S  base=ห  to= ๊  -->
		<map iso="C03" to="\u{E4B}"/> <!-- D  base=ก  to= ๋  -->
		<map iso="C04" to="\u{E4C}"/> <!-- F  base=ด  to= ์  -->
		<map iso="C05" to="\u{E4D}"/> <!-- G  base=เ  to= ํ  -->
		<map iso="C06" to="™"/> <!-- H  base=้ -->
		<map iso="C07" to="๏"/> <!-- J  base=่ -->
		<map iso="C08" to="๐"/> <!-- K  base=า -->
		<map iso="C09" to="๑"/> <!-- L  base=ส -->
		<map iso="C10" to="ษ"/> <!-- ;  base=ว -->
		<map iso="C11" to="ฎ"/> <!-- '  base=ง -->
		<map iso="B01" to="๓"/> <!-- Z  base=ผ -->
		<map iso="B02" to="๔"/> <!-- X  base=ป -->
		<map iso="B03" to="…"/> <!-- C  base=แ -->
		<map iso="B04" to="\u{E37}"/> <!-- V  base=อ  to= ื  -->
		<map iso="B05" to="๕"/> <!-- B  base=ิ -->
		<map iso="B06" to="๖"/> <!-- N  base=ื -->
		<map iso="B07" to="๗"/> <!-- M  base=ท -->
		<map iso="B08" to="ฒ"/> <!-- ,  base=ม -->
		<map iso="B09" to="ณ"/> <!-- .  base=ใ -->
		<map iso="B10" to="\u{E36}"/> <!-- /  base=ฝ  to= ึ  -->
		<map iso="A03" to="ส"/> <!-- space -->
	</keyMap>
	<keyMap modifiers="opt">
		<map iso="E02" to="™"/> <!-- 2  base=/ -->
		<map iso="E08" to="•"/> <!-- 8  base=ค -->
		<map iso="E11" to="–"/> <!-- -  base=ข -->
		<map iso="D04" to="®"/> <!-- R  base=พ -->
		<map iso="D11" to="“"/> <!-- [  base=บ -->
		<map iso="D12" to="‘"/> <!-- ]  base=ล -->
		<map iso="D13" to="«"/> <!-- \  base=ฃ -->
		<map iso="C05" to="©"/> <!-- G  base=เ -->
		<map iso="C10" to="…"/> <!-- ;  base=ว -->
		<map iso="A03" to="\u{A0}"/> <!-- space -->
	</keyMap>
	<keyMap modifiers="opt+shift+caps?">
		<map iso="E11" to="—"/> <!-- -  base=ข -->
		<map iso="D11" to="”"/> <!-- [  base=บ -->
		<map iso="D12" to="’"/> <!-- ]  base=ล -->
		<map iso="D13" to="»"/> <!-- \  base=ฃ -->
		<map iso="A03" to="\u{FEFF}"/> <!-- space -->
	</keyMap>
	<keyMap modifiers="ctrlL+cmd?+opt?+caps? ctrlL+shift+cmd?+optL?+caps? ctrlL+opt+cmd?+caps?+shiftL?">
		<map iso="E00" to="`"/> <!--   base=- -->
		<map iso="E01" to="1"/> <!--   base=ๅ -->
		<map iso="E02" to="2"/> <!--   base=/ -->
		<map iso="E03" to="3"/> <!--   base=_ -->
		<map iso="E04" to="4"/> <!--   base=ภ -->
		<map iso="E05" to="5"/> <!--   base=ถ -->
		<map iso="E06" to="6"/> <!--   base=ุ -->
		<map iso="E07" to="7"/> <!--   base=ึ -->
		<map iso="E08" to="8"/> <!--   base=ค -->
		<map iso="E09" to="9"/> <!--   base=ต -->
		<map iso="E10" to="0"/> <!--   base=จ -->
		<map iso="E11" to="\u{1F}"/> <!-- -  base=ข -->
		<map iso="E12" to="="/> <!--   base=ช -->
		<map iso="D01" to="\u{11}"/> <!-- Q  base=ๆ -->
		<map iso="D02" to="\u{17}"/> <!-- W  base=ไ -->
		<map iso="D03" to="\u{5}"/> <!-- E  base=ำ -->
		<map iso="D04" to="\u{12}"/> <!-- R  base=พ -->
		<map iso="D05" to="\u{14}"/> <!-- T  base=ะ -->
		<map iso="D06" to="\u{19}"/> <!-- Y  base=ั -->
		<map iso="D07" to="\u{15}"/> <!-- U  base=ี -->
		<map iso="D08" to="\u{9}"/> <!-- I  base=ร -->
		<map iso="D09" to="\u{F}"/> <!-- O  base=น -->
		<map iso="D10" to="\u{10}"/> <!-- P  base=ย -->
		<map iso="D11" to="\u{1B}"/> <!-- [  base=บ -->
		<map iso="D12" to="\u{1D}"/> <!-- ]  base=ล -->
		<map iso="D13" to="\u{1C}"/> <!-- \  base=ฃ -->
		<map iso="C01" to="\u{1}"/> <!-- A  base=ฟ -->
		<map iso="C02" to="\u{13}"/> <!-- S  base=ห -->
		<map iso="C03" to="\u{4}"/> <!-- D  base=ก -->
		<map iso="C04" to="\u{6}"/> <!-- F  base=ด -->
		<map iso="C05" to="\u{7}"/> <!-- G  base=เ -->
		<map iso="C06" to="\u{8}"/> <!-- H  base=้ -->
		<map iso="C07" to="\u{A}"/> <!-- J  base=่ -->
		<map iso="C08" to="\u{B}"/> <!-- K  base=า -->
		<map iso="C09" to="\u{C}"/> <!-- L  base=ส -->
		<map iso="C10" to=";"/> <!--   base=ว -->
		<map iso="C11" to="&apos;"/> <!--   base=ง -->
		<map iso="B00" to="0"/> <!-- (key to left of Z) -->
		<map iso="B01" to="\u{1A}"/> <!-- Z  base=ผ -->
		<map iso="B02" to="\u{18}"/> <!-- X  base=ป -->
		<map iso="B03" to="\u{3}"/> <!-- C  base=แ -->
		<map iso="B04" to="\u{16}"/> <!-- V  base=อ -->
		<map iso="B05" to="\u{2}"/> <!-- B  base=ิ -->
		<map iso="B06" to="\u{E}"/> <!-- N  base=ื -->
		<map iso="B07" to="\u{D}"/> <!-- M  base=ท -->
		<map iso="B08" to=","/> <!--   base=ม -->
		<map iso="B09" to="."/> <!--   base=ใ -->
		<map iso="B10" to="/"/> <!--   base=ฝ -->
		<map iso="A03" to=" "/> <!-- space -->
	</keyMap>
</keyboard>

