<?xml version="1.0" encoding="UTF-8" ?>
<!DOCTYPE keyboard SYSTEM "../dtd/ldmlKeyboard.dtd">
<keyboard locale="hy-t-k0-android-768dpi">
	<version platform="4.4" number="$Revision: 11914 $"/>
	<names>
		<name value="Armenian (768dpi)"/>
	</names>
	<keyMap>
		<map iso="E01" to="է"/> <!-- 1 -->
		<map iso="E02" to="թ"/> <!-- 2 -->
		<map iso="E03" to="փ"/> <!-- 3 -->
		<map iso="E04" to="ձ"/> <!-- 4 -->
		<map iso="E05" to="ջ"/> <!-- 5 -->
		<map iso="E06" to="ր"/> <!-- 6 -->
		<map iso="E07" to="չ"/> <!-- 7 -->
		<map iso="E08" to="ճ"/> <!-- 8 -->
		<map iso="E09" to="ժ"/> <!-- 9 -->
		<map iso="E10" to="ծ"/> <!-- 0 -->
		<map iso="D01" to="ք"/> <!-- Q -->
		<map iso="D02" to="ո"/> <!-- W -->
		<map iso="D03" to="ե" longPress="և"/> <!-- E -->
		<map iso="D04" to="ռ"/> <!-- R -->
		<map iso="D05" to="տ"/> <!-- T -->
		<map iso="D06" to="ը"/> <!-- Y -->
		<map iso="D07" to="ւ"/> <!-- U -->
		<map iso="D08" to="ի"/> <!-- I -->
		<map iso="D09" to="օ"/> <!-- O -->
		<map iso="D10" to="պ"/> <!-- P -->
		<map iso="C01" to="ա"/> <!-- A -->
		<map iso="C02" to="ս"/> <!-- S -->
		<map iso="C03" to="դ"/> <!-- D -->
		<map iso="C04" to="ֆ"/> <!-- F -->
		<map iso="C05" to="գ"/> <!-- G -->
		<map iso="C06" to="հ"/> <!-- H -->
		<map iso="C07" to="յ"/> <!-- J -->
		<map iso="C08" to="կ"/> <!-- K -->
		<map iso="C09" to="լ"/> <!-- L -->
		<map iso="C10" to="խ"/> <!-- ; -->
		<map iso="B01" to="զ"/> <!-- Z -->
		<map iso="B02" to="ղ"/> <!-- X -->
		<map iso="B03" to="ց"/> <!-- C -->
		<map iso="B04" to="վ"/> <!-- V -->
		<map iso="B05" to="բ"/> <!-- B -->
		<map iso="B06" to="ն"/> <!-- N -->
		<map iso="B07" to="մ"/> <!-- M -->
		<map iso="B08" to="շ"/> <!-- , -->
		<map iso="A02" to=","/> <!-- (key to left of space) -->
		<map iso="A03" to=" "/> <!-- space -->
		<map iso="A04" to="։"/> <!-- (key to right of space) -->
	</keyMap>
	<keyMap modifiers="shift caps">
		<map iso="E01" to="Է"/> <!-- 1 -->
		<map iso="E02" to="Թ"/> <!-- 2 -->
		<map iso="E03" to="Փ"/> <!-- 3 -->
		<map iso="E04" to="Ձ"/> <!-- 4 -->
		<map iso="E05" to="Ջ"/> <!-- 5 -->
		<map iso="E06" to="Ր"/> <!-- 6 -->
		<map iso="E07" to="Չ"/> <!-- 7 -->
		<map iso="E08" to="Ճ"/> <!-- 8 -->
		<map iso="E09" to="Ժ"/> <!-- 9 -->
		<map iso="E10" to="Ծ"/> <!-- 0 -->
		<map iso="D01" to="Ք"/> <!-- Q -->
		<map iso="D02" to="Ո"/> <!-- W -->
		<map iso="D03" to="Ե" longPress="ԵՒ"/> <!-- E -->
		<map iso="D04" to="Ռ"/> <!-- R -->
		<map iso="D05" to="Տ"/> <!-- T -->
		<map iso="D06" to="Ը"/> <!-- Y -->
		<map iso="D07" to="Ւ"/> <!-- U -->
		<map iso="D08" to="Ի"/> <!-- I -->
		<map iso="D09" to="Օ"/> <!-- O -->
		<map iso="D10" to="Պ"/> <!-- P -->
		<map iso="C01" to="Ա"/> <!-- A -->
		<map iso="C02" to="Ս"/> <!-- S -->
		<map iso="C03" to="Դ"/> <!-- D -->
		<map iso="C04" to="Ֆ"/> <!-- F -->
		<map iso="C05" to="Գ"/> <!-- G -->
		<map iso="C06" to="Հ"/> <!-- H -->
		<map iso="C07" to="Յ"/> <!-- J -->
		<map iso="C08" to="Կ"/> <!-- K -->
		<map iso="C09" to="Լ"/> <!-- L -->
		<map iso="C10" to="Խ"/> <!-- ; -->
		<map iso="B01" to="Զ"/> <!-- Z -->
		<map iso="B02" to="Ղ"/> <!-- X -->
		<map iso="B03" to="Ց"/> <!-- C -->
		<map iso="B04" to="Վ"/> <!-- V -->
		<map iso="B05" to="Բ"/> <!-- B -->
		<map iso="B06" to="Ն"/> <!-- N -->
		<map iso="B07" to="Մ"/> <!-- M -->
		<map iso="B08" to="Շ"/> <!-- , -->
		<map iso="A02" to=","/> <!-- (key to left of space) -->
		<map iso="A03" to=" "/> <!-- space -->
		<map iso="A04" to="։"/> <!-- (key to right of space) -->
	</keyMap>
	<keyMap modifiers="opt">
		<map iso="D01" to="1" longPress="¹ ½ ⅓ ¼ ⅛"/> <!-- Q  base=ք -->
		<map iso="D02" to="2" longPress="² ⅔"/> <!-- W  base=ո -->
		<map iso="D03" to="3" longPress="³ ¾ ⅜"/> <!-- E  base=ե -->
		<map iso="D04" to="4" longPress="⁴"/> <!-- R  base=ռ -->
		<map iso="D05" to="5" longPress="⅝"/> <!-- T  base=տ -->
		<map iso="D06" to="6"/> <!-- Y  base=ը -->
		<map iso="D07" to="7" longPress="⅞"/> <!-- U  base=ւ -->
		<map iso="D08" to="8"/> <!-- I  base=ի -->
		<map iso="D09" to="9"/> <!-- O  base=օ -->
		<map iso="D10" to="0" longPress="ⁿ ∅"/> <!-- P  base=պ -->
		<map iso="C01" to="@"/> <!-- A  base=ա -->
		<map iso="C02" to="#"/> <!-- S  base=ս -->
		<map iso="C03" to="$" longPress="¢ £ € ¥ ₱"/> <!-- D  base=դ -->
		<map iso="C04" to="%" longPress="‰"/> <!-- F  base=ֆ -->
		<map iso="C05" to="&amp;"/> <!-- G  base=գ -->
		<map iso="C06" to="-" longPress="_ – — ·"/> <!-- H  base=հ -->
		<map iso="C07" to="+" longPress="±"/> <!-- J  base=յ -->
		<map iso="C08" to="(" longPress="&lt; { ["/> <!-- K  base=կ -->
		<map iso="C09" to=")" longPress="&gt; } ]"/> <!-- L  base=լ -->
		<map iso="B01" to="*" longPress="† ‡ ★"/> <!-- Z  base=զ -->
		<map iso="B02" to="\u{22}" longPress="“ ” « »"/> <!-- X  base=ղ  to= "  -->
		<map iso="B03" to="&apos;" longPress="‘ ’ ‹ ›"/> <!-- C  base=ց -->
		<map iso="B04" to=":"/> <!-- V  base=վ -->
		<map iso="B05" to=";"/> <!-- B  base=բ -->
		<map iso="B06" to="!" longPress="՜ ¡"/> <!-- N  base=ն -->
		<map iso="B07" to="?" longPress="՞ ¿"/> <!-- M  base=մ -->
		<map iso="A00" to="_"/> <!-- (3 keys to left of space) -->
		<map iso="A01" to="/"/> <!-- (2 keys to left of space) -->
		<map iso="A02" to=" "/> <!-- (key to left of space)  base=, -->
		<map iso="A03" to=","/> <!-- space -->
		<map iso="A04" to="."/> <!-- (key to right of space)  base=։ -->
	</keyMap>
	<keyMap modifiers="opt+shift">
		<map iso="D01" to="~"/> <!-- Q  base=ք -->
		<map iso="D02" to="`"/> <!-- W  base=ո -->
		<map iso="D03" to="|"/> <!-- E  base=ե -->
		<map iso="D04" to="•" longPress="♪ ♥ ♠ ♦ ♣"/> <!-- R  base=ռ -->
		<map iso="D05" to="√"/> <!-- T  base=տ -->
		<map iso="D06" to="Π" longPress="π"/> <!-- Y  base=ը -->
		<map iso="D07" to="÷"/> <!-- U  base=ւ -->
		<map iso="D08" to="×"/> <!-- I  base=ի -->
		<map iso="D09" to="¶" longPress="§"/> <!-- O  base=օ -->
		<map iso="D10" to="∆"/> <!-- P  base=պ -->
		<map iso="C01" to="£"/> <!-- A  base=ա -->
		<map iso="C02" to="¢"/> <!-- S  base=ս -->
		<map iso="C03" to="€"/> <!-- D  base=դ -->
		<map iso="C04" to="¥"/> <!-- F  base=ֆ -->
		<map iso="C05" to="^" longPress="↑ ↓ ← →"/> <!-- G  base=գ -->
		<map iso="C06" to="°" longPress="′ ″"/> <!-- H  base=հ -->
		<map iso="C07" to="=" longPress="≠ ≈ ∞"/> <!-- J  base=յ -->
		<map iso="C08" to="{"/> <!-- K  base=կ -->
		<map iso="C09" to="}"/> <!-- L  base=լ -->
		<map iso="B01" to="\"/> <!-- Z  base=զ -->
		<map iso="B02" to="©"/> <!-- X  base=ղ -->
		<map iso="B03" to="®"/> <!-- C  base=ց -->
		<map iso="B04" to="™"/> <!-- V  base=վ -->
		<map iso="B05" to="℅"/> <!-- B  base=բ -->
		<map iso="B06" to="["/> <!-- N  base=ն -->
		<map iso="B07" to="]"/> <!-- M  base=մ -->
		<map iso="A00" to="&lt;" longPress="‹ ≤ «"/> <!-- (3 keys to left of space) -->
		<map iso="A01" to="&gt;" longPress="› ≥ »"/> <!-- (2 keys to left of space) -->
		<map iso="A02" to=" "/> <!-- (key to left of space)  base=, -->
		<map iso="A03" to=","/> <!-- space -->
		<map iso="A04" to="."/> <!-- (key to right of space)  base=։ -->
	</keyMap>
</keyboard>
