<?xml version="1.0" encoding="UTF-8" ?>
<!DOCTYPE keyboard SYSTEM "../dtd/ldmlKeyboard.dtd">
<keyboard locale="lo-t-k0-android-768dpi">
	<version platform="4.4" number="$Revision: 11914 $"/>
	<names>
		<name value="Lao (768dpi)"/>
	</names>
	<keyMap>
		<map iso="E01" to="ຢ" longPress="໑"/> <!-- 1 -->
		<map iso="E02" to="ຟ" longPress="໒"/> <!-- 2 -->
		<map iso="E03" to="ໂ" longPress="໓"/> <!-- 3 -->
		<map iso="E04" to="ຖ" longPress="໔"/> <!-- 4 -->
		<map iso="E05" to="\u{EB8}"/> <!-- 5  to= ຸ  -->
		<map iso="E06" to="\u{EB9}"/> <!-- 6  to= ູ  -->
		<map iso="E07" to="ຄ" longPress="໕"/> <!-- 7 -->
		<map iso="E08" to="ຕ" longPress="໖"/> <!-- 8 -->
		<map iso="E09" to="ຈ" longPress="໗"/> <!-- 9 -->
		<map iso="E10" to="ຂ" longPress="໘"/> <!-- 0 -->
		<map iso="E11" to="ຊ" longPress="໙"/> <!-- - -->
		<map iso="E12" to="\u{ECD}"/> <!-- =  to= ໍ  -->
		<map iso="D01" to="\u{EBB}"/> <!-- Q  to= ົ  -->
		<map iso="D02" to="ໄ" longPress="໐"/> <!-- W -->
		<map iso="D03" to="ຳ"/> <!-- E -->
		<map iso="D04" to="ພ"/> <!-- R -->
		<map iso="D05" to="ະ"/> <!-- T -->
		<map iso="D06" to="\u{EB4}"/> <!-- Y  to= ິ  -->
		<map iso="D07" to="\u{EB5}"/> <!-- U  to= ີ  -->
		<map iso="D08" to="ຮ"/> <!-- I -->
		<map iso="D09" to="ນ"/> <!-- O -->
		<map iso="D10" to="ຍ"/> <!-- P -->
		<map iso="D11" to="ບ"/> <!-- [ -->
		<map iso="D12" to="ລ"/> <!-- ] -->
		<map iso="C01" to="\u{EB1}"/> <!-- A  to= ັ  -->
		<map iso="C02" to="ຫ"/> <!-- S -->
		<map iso="C03" to="ກ"/> <!-- D -->
		<map iso="C04" to="ດ"/> <!-- F -->
		<map iso="C05" to="ເ"/> <!-- G -->
		<map iso="C06" to="\u{EC9}"/> <!-- H  to= ້  -->
		<map iso="C07" to="\u{EC8}"/> <!-- J  to= ່  -->
		<map iso="C08" to="າ"/> <!-- K -->
		<map iso="C09" to="ສ"/> <!-- L -->
		<map iso="C10" to="ວ"/> <!-- ; -->
		<map iso="C11" to="ງ"/> <!-- ' -->
		<map iso="C12" to="“"/> <!-- (key to right of ') -->
		<map iso="B01" to="ຜ"/> <!-- Z -->
		<map iso="B02" to="ປ"/> <!-- X -->
		<map iso="B03" to="ແ"/> <!-- C -->
		<map iso="B04" to="ອ"/> <!-- V -->
		<map iso="B05" to="\u{EB6}"/> <!-- B  to= ຶ  -->
		<map iso="B06" to="\u{EB7}"/> <!-- N  to= ື  -->
		<map iso="B07" to="ທ"/> <!-- M -->
		<map iso="B08" to="ມ"/> <!-- , -->
		<map iso="B09" to="ໃ"/> <!-- . -->
		<map iso="B10" to="ຝ"/> <!-- / -->
		<map iso="A02" to=","/> <!-- (key to left of space) -->
		<map iso="A03" to=" "/> <!-- space -->
		<map iso="A04" to="." longPress="# ! , ? - : ' @"/> <!-- (key to right of space) -->
	</keyMap>
	<keyMap modifiers="opt">
		<map iso="D01" to="1" longPress="¹ ½ ⅓ ¼ ⅛"/> <!-- Q  base=ົ -->
		<map iso="D02" to="2" longPress="² ⅔"/> <!-- W  base=ໄ -->
		<map iso="D03" to="3" longPress="³ ¾ ⅜"/> <!-- E  base=ຳ -->
		<map iso="D04" to="4" longPress="⁴"/> <!-- R  base=ພ -->
		<map iso="D05" to="5" longPress="⅝"/> <!-- T  base=ະ -->
		<map iso="D06" to="6"/> <!-- Y  base=ິ -->
		<map iso="D07" to="7" longPress="⅞"/> <!-- U  base=ີ -->
		<map iso="D08" to="8"/> <!-- I  base=ຮ -->
		<map iso="D09" to="9"/> <!-- O  base=ນ -->
		<map iso="D10" to="0" longPress="ⁿ ∅"/> <!-- P  base=ຍ -->
		<map iso="C01" to="@"/> <!-- A  base=ັ -->
		<map iso="C02" to="#"/> <!-- S  base=ຫ -->
		<map iso="C03" to="₭" longPress="$ ¢ € £ ¥ ₱"/> <!-- D  base=ກ -->
		<map iso="C04" to="%" longPress="‰"/> <!-- F  base=ດ -->
		<map iso="C05" to="&amp;"/> <!-- G  base=ເ -->
		<map iso="C06" to="-" longPress="_ – — ·"/> <!-- H  base=້ -->
		<map iso="C07" to="+" longPress="±"/> <!-- J  base=່ -->
		<map iso="C08" to="(" longPress="&lt; { ["/> <!-- K  base=າ -->
		<map iso="C09" to=")" longPress="&gt; } ]"/> <!-- L  base=ສ -->
		<map iso="B01" to="*" longPress="† ‡ ★"/> <!-- Z  base=ຜ -->
		<map iso="B02" to="\u{22}" longPress="“ ” « »"/> <!-- X  base=ປ  to= "  -->
		<map iso="B03" to="&apos;" longPress="‘ ’ ‹ ›"/> <!-- C  base=ແ -->
		<map iso="B04" to=":"/> <!-- V  base=ອ -->
		<map iso="B05" to=";"/> <!-- B  base=ຶ -->
		<map iso="B06" to="!" longPress="¡"/> <!-- N  base=ື -->
		<map iso="B07" to="?" longPress="¿"/> <!-- M  base=ທ -->
		<map iso="A00" to="_"/> <!-- (3 keys to left of space) -->
		<map iso="A01" to="/"/> <!-- (2 keys to left of space) -->
		<map iso="A02" to=" "/> <!-- (key to left of space)  base=, -->
		<map iso="A03" to=","/> <!-- space -->
		<map iso="A04" to="."/> <!-- (key to right of space) -->
	</keyMap>
	<keyMap modifiers="opt+shift">
		<map iso="D01" to="~"/> <!-- Q  base=ົ -->
		<map iso="D02" to="`"/> <!-- W  base=ໄ -->
		<map iso="D03" to="|"/> <!-- E  base=ຳ -->
		<map iso="D04" to="•" longPress="♪ ♥ ♠ ♦ ♣"/> <!-- R  base=ພ -->
		<map iso="D05" to="√"/> <!-- T  base=ະ -->
		<map iso="D06" to="Π" longPress="π"/> <!-- Y  base=ິ -->
		<map iso="D07" to="÷"/> <!-- U  base=ີ -->
		<map iso="D08" to="×"/> <!-- I  base=ຮ -->
		<map iso="D09" to="¶" longPress="§"/> <!-- O  base=ນ -->
		<map iso="D10" to="∆"/> <!-- P  base=ຍ -->
		<map iso="C01" to="£"/> <!-- A  base=ັ -->
		<map iso="C02" to="€"/> <!-- S  base=ຫ -->
		<map iso="C03" to="$" longPress="¢"/> <!-- D  base=ກ -->
		<map iso="C04" to="¢"/> <!-- F  base=ດ -->
		<map iso="C05" to="^" longPress="↑ ↓ ← →"/> <!-- G  base=ເ -->
		<map iso="C06" to="°" longPress="′ ″"/> <!-- H  base=້ -->
		<map iso="C07" to="=" longPress="≠ ≈ ∞"/> <!-- J  base=່ -->
		<map iso="C08" to="{"/> <!-- K  base=າ -->
		<map iso="C09" to="}"/> <!-- L  base=ສ -->
		<map iso="B01" to="\"/> <!-- Z  base=ຜ -->
		<map iso="B02" to="©"/> <!-- X  base=ປ -->
		<map iso="B03" to="®"/> <!-- C  base=ແ -->
		<map iso="B04" to="™"/> <!-- V  base=ອ -->
		<map iso="B05" to="℅"/> <!-- B  base=ຶ -->
		<map iso="B06" to="["/> <!-- N  base=ື -->
		<map iso="B07" to="]"/> <!-- M  base=ທ -->
		<map iso="A00" to="&lt;" longPress="‹ ≤ «"/> <!-- (3 keys to left of space) -->
		<map iso="A01" to="&gt;" longPress="› ≥ »"/> <!-- (2 keys to left of space) -->
		<map iso="A02" to=" "/> <!-- (key to left of space)  base=, -->
		<map iso="A03" to=","/> <!-- space -->
		<map iso="A04" to="."/> <!-- (key to right of space) -->
	</keyMap>
</keyboard>
