<?xml version="1.0" encoding="UTF-8" ?>
<!DOCTYPE keyboard SYSTEM "../dtd/ldmlKeyboard.dtd">
<keyboard locale='ug-t-k0-osx-intl'>
	<version platform='10.4' number='$Revision: 11914 $'/>
	<names>
		<name value='Uyghur (International)'/>
	</names>
	<keyMap>
		<map iso="E00" to="`"/> <!-- ` -->
		<map iso="E01" to="1"/> <!-- 1 -->
		<map iso="E02" to="2"/> <!-- 2 -->
		<map iso="E03" to="3"/> <!-- 3 -->
		<map iso="E04" to="4"/> <!-- 4 -->
		<map iso="E05" to="5"/> <!-- 5 -->
		<map iso="E06" to="6"/> <!-- 6 -->
		<map iso="E07" to="7"/> <!-- 7 -->
		<map iso="E08" to="8"/> <!-- 8 -->
		<map iso="E09" to="9"/> <!-- 9 -->
		<map iso="E10" to="0"/> <!-- 0 -->
		<map iso="E11" to="-"/>
		<map iso="E12" to="="/>
		<map iso="D01" to="ق"/> <!-- Uyghur letter Q, key q -->
		<map iso="D02" to="ۋ"/> <!-- Uyghur letter W, key w -->
		<map iso="D03" to="ە"/> <!-- Uyghur letter E, key e -->
		<map iso="D04" to="ر"/> <!-- Uyghur letter R, key r -->
		<map iso="D05" to="ت"/> <!-- Uyghur letter T, key t -->
		<map iso="D06" to="ي"/> <!-- Uyghur letter Y, key y -->
		<map iso="D07" to="ۇ"/> <!-- Uyghur letter U, key u -->
		<map iso="D08" to="ى"/> <!-- Uyghur letter I, key i -->
		<map iso="D09" to="و"/> <!-- Uyghur letter O, key o -->
		<map iso="D10" to="پ"/> <!-- Uyghur letter P, key p -->
		<map iso="D11" to="]"/> <!-- [ -->
		<map iso="D12" to="["/> <!-- ] -->
		<map iso="D13" to="\"/> <!-- \ -->
		<map iso="C01" to="ا"/> <!-- Uyghur letter A, key a -->
		<map iso="C02" to="س"/> <!-- Uyghur letter S, key s -->
		<map iso="C03" to="د"/> <!-- Uyghur letter D, key d -->
		<map iso="C04" to="ف"/> <!-- Uyghur letter F, key f -->
		<map iso="C05" to="گ"/> <!-- Uyghur letter G, key g -->
		<map iso="C06" to="ھ"/> <!-- Uyghur letter H, key h -->
		<map iso="C07" to="ج"/> <!-- Uyghur letter j, key j -->
		<map iso="C08" to="ك"/> <!-- Uyghur letter K, key k -->
		<map iso="C09" to="ل"/> <!-- Uyghur letter L, key l -->
		<map iso="C10" to="؛"/> <!-- ; -->
		<map iso="C11" to="«"/>
		<map iso="B00" to="\u{3}"/> <!-- (1 key to left of Z) -->
		<map iso="B01" to="ز"/> <!-- Uyghur letter Z, key z -->
		<map iso="B02" to="خ"/> <!-- Uyghur letter X, key x -->
		<map iso="B03" to="چ"/> <!-- Uyghur letter , key C -->
		<map iso="B05" to="ب"/> <!-- Uyghur letter B, key b -->
		<map iso="B06" to="ن"/> <!-- Uyghur letter N, key n -->
		<map iso="B07" to="م"/> <!-- Uyghur letter M, key m -->
		<map iso="B08" to="،"/> <!-- Uyghur comma , key ,-->
		<map iso="B09" to="."/>
		<!-- 16 Composite Uyghur vowel forms are expressed as a combination of the initial and medial shapes 
			of the following Arabic letter YEY ئ 0626 followed by the medial and final forms of Uyghur vowels -->
		<map iso="B10" to="ئ"/> <!-- see above, key / -->
		<map iso="A03" to=" "/> <!-- space -->
	</keyMap>
	<keyMap modifiers='shift+caps?'>
		<map iso="E00" to="…"/> <!-- ` -->
		<map iso="E01" to="!"/> <!-- 1  -->
		<map iso="E02" to="@" /> <!-- 2 -->
		<map iso="E03" to="#"/> <!-- 3  -->
		<map iso="E04" to="$"/> <!-- 4  -->
		<map iso="E05" to="%"/> <!-- 5  -->
		<map iso="E06" to="^"/> <!-- 6  -->
		<map iso="E07" to="&amp;"/> <!-- 7  -->
		<map iso="E08" to="*"/> <!-- 8  -->
		<map iso="E09" to=")"/> <!-- 9  -->
		<map iso="E10" to="("/> <!-- 0  -->
		<map iso="E11" to="—"/> <!-- long dash for Uyghur - -->
		<map iso="E12" to="+"/> <!-- = -->
		<map iso="D03" to="ې"/><!-- Uyghur letter é, key E  base=ە -->
		<map iso="D05" to="ـ"/><!-- Kashida inserted to stretch Uyghur Arabic letters, key T  base=ت -->
		<map iso="D07" to="ۈ"/><!-- Uyghur letter ü, key U  base=ۇ -->
		<map iso="D09" to="ۈ"/><!-- Uyghur letter ö, key O  base=و -->
		<map iso="D11" to="}"/> <!-- [  -->
		<map iso="D12" to="{"/> <!-- ]  -->
		<map iso="D13" to="|"/> <!-- \  -->
		<map iso="C02" to="ش"/> <!-- Uyghur letter SH, key S  base=س -->
		<map iso="C05" to="غ"/><!-- Uyghur letter GH, key G  base=گ -->
		<map iso="C07" to="ژ"/> <!-- Uyghur letter J, key J  base=ج -->
		<map iso="C09" to="لا"/> <!-- Uyghur letter LA, key L  base=ل -->
		<map iso="C10" to=":"/> <!-- ;  base=؛ -->
		<map iso="C11" to="»"/> <!-- " -->
		<map iso="B00" to="\u{3}"/> <!-- (1 key to left of Z) -->
		<map iso="B06" to="ڭ"/><!-- Uyghur letter NG, key N, base ن -->
		<map iso="B08" to="›"/> <!-- Uyghur opening little parenthesis  -->
		<map iso="B09" to="‹"/> <!-- Uyghur closing little parenthesis  -->
		<map iso="B10" to="؟"/> <!-- / -->
		<map iso="A03" to=" "/> <!-- space -->
	</keyMap>
	<keyMap modifiers='caps'>
		<map iso="E00" to="`"/> <!-- ` -->
		<map iso="E01" to="1"/> <!--  1 -->
		<map iso="E02" to="2"/> <!--  2 -->
		<map iso="E03" to="3"/> <!--  3 -->
		<map iso="E04" to="4"/> <!--  4 -->
		<map iso="E05" to="5"/> <!--  5 -->
		<map iso="E06" to="6"/> <!--  6 -->
		<map iso="E07" to="7"/> <!--  7 -->
		<map iso="E08" to="8"/> <!--  8 -->
		<map iso="E09" to="9"/> <!--  9 -->
		<map iso="E10" to="0"/> <!--  0 -->
		<map iso="E11" to="-"/>
		<map iso="E12" to="="/>
		<map iso="D01" to="ق"/> <!-- Uyghur letter Q, key q -->
		<map iso="D02" to="ۋ"/> <!-- Uyghur letter W, key w -->
		<map iso="D03" to="ە"/> <!-- Uyghur letter E, key e -->
		<map iso="D04" to="ر"/> <!-- Uyghur letter R, key r -->
		<map iso="D05" to="ت"/> <!-- Uyghur letter T, key t -->
		<map iso="D06" to="ي"/> <!-- Uyghur letter Y, key y -->
		<map iso="D07" to="ۇ"/> <!-- Uyghur letter U, key u -->
		<map iso="D08" to="ى"/> <!-- Uyghur letter I, key i -->
		<map iso="D09" to="و"/> <!-- Uyghur letter O, key o -->
		<map iso="D10" to="پ"/> <!-- Uyghur letter P, key p -->
		<map iso="D11" to="]"/> <!-- [ -->
		<map iso="D12" to="["/> <!-- ] -->
		<map iso="D13" to="\"/> <!-- \ -->
		<map iso="C01" to="ا"/> <!-- Uyghur letter A, key a -->
		<map iso="C02" to="س"/> <!-- Uyghur letter S, key s -->
		<map iso="C03" to="د"/> <!-- Uyghur letter D, key d -->
		<map iso="C04" to="ف"/> <!-- Uyghur letter F, key f -->
		<map iso="C05" to="گ"/> <!-- Uyghur letter G, key g -->
		<map iso="C06" to="ھ"/> <!-- Uyghur letter H, key h -->
		<map iso="C07" to="ج"/> <!-- Uyghur letter j, key j -->
		<map iso="C08" to="ك"/> <!-- Uyghur letter K, key k -->
		<map iso="C09" to="ل"/> <!-- Uyghur letter L, key l -->
		<map iso="C10" to="؛"/> <!-- ; -->
		<map iso="C11" to="«"/>
		<map iso="B00" to="\u{3}"/> <!-- (1 key to left of Z) -->
		<map iso="B01" to="ز"/> <!-- Uyghur letter Z, key z -->
		<map iso="B02" to="خ"/> <!-- Uyghur letter X, key x -->
		<map iso="B03" to="چ"/> <!-- Uyghur letter , key C -->
		<map iso="B05" to="ب"/> <!-- Uyghur letter B, key b -->
		<map iso="B06" to="ن"/> <!-- Uyghur letter N, key n -->
		<map iso="B07" to="م"/> <!-- Uyghur letter M, key m -->
		<map iso="B08" to="،"/> <!-- , -->
		<map iso="B09" to="."/>
		<!-- 16 Composite Uyghur vowel forms are expressed as a combination of the initial and medial shapes 
			of the following Arabic letter YEY ئ 0626 followed by the medial and final forms of Uyghur vowels -->
		<map iso="B10" to="ئ"/> <!-- see above, key / -->
		<map iso="A03" to=" "/> <!-- space -->
	</keyMap>
	<keyMap modifiers='opt opt+caps+shift?'>
		<map iso="E00" to="…"/> <!-- `  base=ـ -->
		<map iso="E01" to="!"/> <!-- 1 -->
		<map iso="E02" to="@"/> <!-- 2 -->
		<map iso="E03" to="#"/> <!-- 3 -->
		<map iso="E04" to="$"/> <!-- 4 -->
		<map iso="E05" to="%"/> <!-- 5 -->
		<map iso="E06" to="^"/> <!-- 6 -->
		<map iso="E07" to="&amp;"/> <!-- 7 -->
		<map iso="E08" to="*"/> <!-- 8 -->
		<map iso="E09" to=")"/> <!-- 9 -->
		<map iso="E10" to="("/> <!-- 0 -->
		<map iso="E11" to="—"/> <!-- long dash for Uyghur - -->
		<map iso="E12" to="+"/> <!-- = -->
		<map iso="D01" to="ق"/> <!-- Uyghur letter Q, key q -->
		<map iso="D02" to="ۋ"/> <!-- Uyghur letter W, key w -->
		<map iso="D03" to="ە"/> <!-- Uyghur letter E, key e -->
		<map iso="D04" to="ر"/> <!-- Uyghur letter R, key r -->
		<map iso="D05" to="ت"/> <!-- Uyghur letter T, key t -->
		<map iso="D06" to="ي"/> <!-- Uyghur letter Y, key y -->
		<map iso="D07" to="ۇ"/> <!-- Uyghur letter U, key u -->
		<map iso="D08" to="ى"/> <!-- Uyghur letter I, key i -->
		<map iso="D09" to="و"/> <!-- Uyghur letter O, key o -->
		<map iso="D10" to="پ"/> <!-- Uyghur letter P, key p -->
		<map iso="D11" to="]"/> <!-- [ -->
		<map iso="D12" to="["/> <!-- ] -->
		<map iso="D13" to="|"/> <!-- \ -->
		<map iso="C01" to="ا"/> <!-- Uyghur letter A, key a -->
		<map iso="C02" to="س"/> <!-- Uyghur letter S, key s -->
		<map iso="C03" to="د"/> <!-- Uyghur letter D, key d -->
		<map iso="C04" to="ف"/> <!-- Uyghur letter F, key f -->
		<map iso="C05" to="گ"/> <!-- Uyghur letter G, key g -->
		<map iso="C06" to="ھ"/> <!-- Uyghur letter H, key h -->
		<map iso="C07" to="ج"/> <!-- Uyghur letter j, key j -->
		<map iso="C08" to="ك"/> <!-- Uyghur letter K, key k -->
		<map iso="C09" to="ل"/> <!-- Uyghur letter L, key l -->
		<!-- <map iso="C02" to="ش"/> --> <!-- Uyghur letter SH, key S  base=س -->
		<!-- <map iso="C05" to="غ"/> --> <!-- Uyghur letter GH, key G  base=گ -->
		<!-- <map iso="C07" to="ژ"/> --> <!-- Uyghur letter J, key J  base=ج -->
		<!-- <map iso="C09" to="لا"/> --> <!-- Uyghur letter LA, key L  base=ل -->
		<map iso="C10" to=":"/> <!-- ;  base=؛ -->
		<map iso="C11" to="»"/> <!-- " -->
		<map iso="B00" to="\u{3}"/> <!-- (1 key to left of Z) -->
		<map iso="B06" to="ڭ"/><!-- Uyghur letter NG, key N, base ن -->
		<map iso="B08" to="›"/> <!-- Uyghur opening little parenthesis  -->
		<map iso="B09" to="‹"/> <!-- Uyghur closing little parenthesis  -->
		<map iso="B10" to="؟"/> <!-- / -->
		<map iso="A03" to=" "/> <!-- space -->
	</keyMap>
	<keyMap modifiers='opt+shift'>
		<map iso="E00" to="…"/> <!-- ` -->
		<map iso="E01" to="!"/> <!-- 1  -->
		<map iso="E02" to="@" /> <!-- 2 -->
		<map iso="E03" to="#"/> <!-- 3  -->
		<map iso="E04" to="$"/> <!-- 4  -->
		<map iso="E05" to="%"/> <!-- 5  -->
		<map iso="E06" to="^"/> <!-- 6  -->
		<map iso="E07" to="&amp;"/> <!-- 7  -->
		<map iso="E08" to="*"/> <!-- 8  -->
		<map iso="E09" to=")"/> <!-- 9  -->
		<map iso="E10" to="("/> <!-- 0  -->
		<map iso="E11" to="—"/> <!-- long dash for Uyghur - -->
		<map iso="E12" to="+"/> <!-- = -->
		<map iso="D03" to="ې"/><!-- Uyghur letter é, key E  base=ە -->
		<map iso="D05" to="ـ"/><!-- Kashida inserted to stretch Uyghur Arabic letters, key T  base=ت -->
		<map iso="D07" to="ۈ"/><!-- Uyghur letter ü, key U  base=ۇ -->
		<map iso="D09" to="ۈ"/><!-- Uyghur letter ö, key O  base=و -->
		<map iso="D11" to="}"/> <!-- [  -->
		<map iso="D12" to="{"/> <!-- ]  -->
		<map iso="D13" to="|"/> <!-- \  -->
		<map iso="C02" to="ش"/> <!-- Uyghur letter SH, key S  base=س -->
		<map iso="C05" to="غ"/><!-- Uyghur letter GH, key G  base=گ -->
		<map iso="C07" to="ژ"/> <!-- Uyghur letter J, key J  base=ج -->
		<map iso="C09" to="لا"/> <!-- Uyghur letter LA, key L  base=ل -->
		<map iso="C10" to=":"/> <!-- ;  base=؛ -->
		<map iso="C11" to="»"/> <!-- " -->
		<map iso="B00" to="\u{3}"/> <!-- (1 key to left of Z) -->
		<map iso="B06" to="ڭ"/><!-- Uyghur letter NG, key N, base ن -->
		<map iso="B08" to="›"/> <!-- Uyghur opening little parenthesis  -->
		<map iso="B09" to="‹"/> <!-- Uyghur closing little parenthesis  -->
		<map iso="B10" to="؟"/> <!-- / -->
		<map iso="A03" to=" "/> <!-- space -->
	</keyMap>
	<keyMap modifiers='ctrl+opt?+caps?+shift? ctrl+cmd?+opt?+shift? ctrl+cmd?+opt?+caps? cmd+ctrl+caps+shift+optL? cmd+ctrl+caps+shift+optR? cmd+ctrl+opt+caps+shiftL? cmd+ctrl+opt+caps+shiftR? cmd+ctrlL+opt+caps+shift cmd+ctrlR+opt+caps+shift'>
		<map iso="E00" to="`"/> <!--   base=ـ -->
		<map iso="E01" to="1"/> <!--  1 -->
		<map iso="E02" to="2"/> <!--  2 -->
		<map iso="E03" to="3"/> <!--  3 -->
		<map iso="E04" to="4"/> <!--  4 -->
		<map iso="E05" to="5"/> <!--  5 -->
		<map iso="E06" to="6"/> <!--  6 -->
		<map iso="E07" to="7"/> <!--  7 -->
		<map iso="E08" to="8"/> <!--  8 -->
		<map iso="E09" to="9"/> <!--  9 -->
		<map iso="E10" to="0"/> <!--  0 -->
		<map iso="E11" to="\u{1F}"/> <!-- - -->
		<map iso="E12" to="="/>
		<map iso="D01" to="\u{11}"/>
		<map iso="D02" to="\u{17}"/>
		<map iso="D03" to="\u{5}"/> 
		<map iso="D04" to="\u{12}"/>
		<map iso="D05" to="\u{14}"/>
		<map iso="D06" to="\u{19}"/>
		<map iso="D07" to="\u{15}"/>
		<map iso="D08" to="\u{9}"/> 
		<map iso="D09" to="\u{F}"/> 
		<map iso="D10" to="\u{10}"/>
		<map iso="D11" to="\u{1B}"/>
		<map iso="D12" to="\u{1D}"/>
		<map iso="D13" to="\u{1C}"/>
		<map iso="C01" to="\u{1}"/> 
		<map iso="C02" to="\u{13}"/>
		<map iso="C03" to="\u{4}"/> 
		<map iso="C04" to="\u{6}"/> 
		<map iso="C05" to="\u{7}"/> 
		<map iso="C06" to="\u{8}"/> 
		<map iso="C07" to="\u{A}"/> 
		<map iso="C08" to="\u{B}"/> 
		<map iso="C09" to="\u{C}"/> 
		<map iso="C10" to=";"/> 
		<map iso="C11" to="&apos;"/>
		<map iso="B00" to="0"/> <!-- (1 key to left of Z) -->
		<map iso="B01" to="\u{1A}"/>
		<map iso="B02" to="\u{18}"/>
		<map iso="B03" to="\u{3}"/> 
		<map iso="B04" to="\u{16}"/>
		<map iso="B05" to="\u{2}"/> 
		<map iso="B06" to="\u{E}"/> 
		<map iso="B07" to="\u{D}"/> 
		<map iso="B08" to=","/> <!--   base=، -->
		<map iso="B09" to="."/>
		<map iso="B10" to="/"/> <!--   base=\ -->
		<map iso="A03" to=" "/> <!-- space -->
	</keyMap>
	<keyMap modifiers='cmd+shift? cmd+shift+caps?'>
		<map iso="E00" to="`"/> <!--  base=ـ -->
		<map iso="E01" to="1"/> <!--  1 -->
		<map iso="E02" to="2"/> <!--  2 -->
		<map iso="E03" to="3"/> <!--  3 -->
		<map iso="E04" to="4"/> <!--  4 -->
		<map iso="E05" to="5"/> <!--  5 -->
		<map iso="E06" to="6"/> <!--  6 -->
		<map iso="E07" to="7"/> <!--  7 -->
		<map iso="E08" to="8"/> <!--  8 -->
		<map iso="E09" to="9"/> <!--  9 -->
		<map iso="E10" to="0"/> <!--  0 -->
		<map iso="E11" to="-"/>
		<map iso="E12" to="="/>
		<map iso="D01" to="q"/>  
		<map iso="D02" to="w"/>  
		<map iso="D03" to="e"/>  
		<map iso="D04" to="r"/>  
		<map iso="D05" to="t"/>  
		<map iso="D06" to="y"/>  
		<map iso="D07" to="u"/>  
		<map iso="D08" to="i"/>  
		<map iso="D09" to="o"/>  
		<map iso="D10" to="p"/>  
		<map iso="D11" to="["/> <!--  ] -->
		<map iso="D12" to="]"/> <!--  [ -->
		<map iso="D13" to="\"/> <!--  \ -->
		<map iso="C01" to="a"/>  
		<map iso="C02" to="s"/>  
		<map iso="C03" to="d"/>  
		<map iso="C04" to="f"/>  
		<map iso="C05" to="g"/>  
		<map iso="C06" to="h"/>  
		<map iso="C07" to="j"/>  
		<map iso="C08" to="k"/>  
		<map iso="C09" to="l"/>  
		<map iso="C10" to=";"/> <!--   base=؛ -->
		<map iso="C11" to="&apos;"/>
		<map iso="B01" to="z"/>  
		<map iso="B02" to="x"/>  
		<map iso="B03" to="c"/>  
		<map iso="B04" to="v"/>  
		<map iso="B05" to="b"/>  
		<map iso="B06" to="n"/>  
		<map iso="B07" to="m"/>  
		<map iso="B08" to=","/>  
		<map iso="B09" to="."/>
		<map iso="B10" to="/"/> 
		<map iso="A03" to=" "/> <!-- space -->
	</keyMap>
	<keyMap modifiers='cmd+caps'>
		<map iso="E00" to="`"/> <!--   base=… -->
		<map iso="E01" to="1"/> <!--  1 -->
		<map iso="E02" to="2"/> <!--  2 -->
		<map iso="E03" to="3"/> <!--  3 -->
		<map iso="E04" to="4"/> <!--  4 -->
		<map iso="E05" to="5"/> <!--  5 -->
		<map iso="E06" to="6"/> <!--  6 -->
		<map iso="E07" to="7"/> <!--  7 -->
		<map iso="E08" to="8"/> <!--  8 -->
		<map iso="E09" to="9"/> <!--  9 -->
		<map iso="E10" to="0"/> <!--  0 -->
		<map iso="E11" to="-"/>
		<map iso="E12" to="="/>
		<map iso="D01" to="Q"/>  
		<map iso="D02" to="W"/>  
		<map iso="D03" to="E"/>  
		<map iso="D04" to="R"/>  
		<map iso="D05" to="T"/>  
		<map iso="D06" to="Y"/>  
		<map iso="D07" to="U"/>  
		<map iso="D08" to="I"/>  
		<map iso="D09" to="O"/>  
		<map iso="D10" to="P"/>  
		<map iso="D11" to="["/>  
		<map iso="D12" to="]"/>  
		<map iso="D13" to="\"/>  
		<map iso="C01" to="A"/>  
		<map iso="C02" to="S"/>  
		<map iso="C03" to="D"/>  
		<map iso="C04" to="F"/>  
		<map iso="C05" to="G"/>  
		<map iso="C06" to="H"/>  
		<map iso="C07" to="J"/>  
		<map iso="C08" to="K"/>  
		<map iso="C09" to="L"/>  
		<map iso="C10" to=";"/>  
		<map iso="C11" to="&apos;"/>
		<map iso="B01" to="Z"/>  
		<map iso="B02" to="X"/>  
		<map iso="B03" to="C"/>  
		<map iso="B04" to="V"/>  
		<map iso="B05" to="B"/>  
		<map iso="B06" to="N"/>  
		<map iso="B07" to="M"/>  
		<map iso="B08" to=","/>  
		<map iso="B09" to="."/>  
		<map iso="B10" to="/"/>  
		<map iso="A03" to=" "/> <!-- space -->
	</keyMap>
	<keyMap modifiers='cmd+opt'>
		<map iso="E00" to="`"/> <!-- ` -->
		<map iso="E01" to="1"/> <!-- 1 -->
		<map iso="E02" to="2"/> <!-- 2 -->
		<map iso="E03" to="3"/> <!-- 3 -->
		<map iso="E04" to="4"/> <!-- 4 -->
		<map iso="E05" to="5"/> <!-- 5 -->
		<map iso="E06" to="6"/> <!-- 6 -->
		<map iso="E07" to="7"/> <!-- 7 -->
		<map iso="E08" to="8"/> <!-- 8 -->
		<map iso="E09" to="9"/> <!-- 9 -->
		<map iso="E10" to="0"/> <!-- 0 -->
		<map iso="E11" to="-"/>
		<map iso="E12" to="="/>
		<map iso="D01" to="ق"/> <!-- Uyghur letter Q, key q -->
		<map iso="D02" to="ۋ"/> <!-- Uyghur letter W, key w -->
		<map iso="D03" to="ە"/> <!-- Uyghur letter E, key e -->
		<map iso="D04" to="ر"/> <!-- Uyghur letter R, key r -->
		<map iso="D05" to="ت"/> <!-- Uyghur letter T, key t -->
		<map iso="D06" to="ي"/> <!-- Uyghur letter Y, key y -->
		<map iso="D07" to="ۇ"/> <!-- Uyghur letter U, key u -->
		<map iso="D08" to="ى"/> <!-- Uyghur letter I, key i -->
		<map iso="D09" to="و"/> <!-- Uyghur letter O, key o -->
		<map iso="D10" to="پ"/> <!-- Uyghur letter P, key p -->
		<map iso="D11" to="]"/> <!-- [ -->
		<map iso="D12" to="["/> <!-- ] -->
		<map iso="D13" to="\"/> <!-- \ -->
		<map iso="C01" to="ا"/> <!-- Uyghur letter A, key a -->
		<map iso="C02" to="س"/> <!-- Uyghur letter S, key s -->
		<map iso="C03" to="د"/> <!-- Uyghur letter D, key d -->
		<map iso="C04" to="ف"/> <!-- Uyghur letter F, key f -->
		<map iso="C05" to="گ"/> <!-- Uyghur letter G, key g -->
		<map iso="C06" to="ھ"/> <!-- Uyghur letter H, key h -->
		<map iso="C07" to="ج"/> <!-- Uyghur letter j, key j -->
		<map iso="C08" to="ك"/> <!-- Uyghur letter K, key k -->
		<map iso="C09" to="ل"/> <!-- Uyghur letter L, key l -->
		<map iso="C10" to="؛"/> <!-- ; -->
		<map iso="C11" to="«"/>
		<map iso="B00" to="\u{3}"/> <!-- (1 key to left of Z) -->
		<map iso="B01" to="ز"/> <!-- Uyghur letter Z, key z -->
		<map iso="B02" to="خ"/> <!-- Uyghur letter X, key x -->
		<map iso="B03" to="چ"/> <!-- Uyghur letter , key C -->
		<map iso="B05" to="ب"/> <!-- Uyghur letter B, key b -->
		<map iso="B06" to="ن"/> <!-- Uyghur letter N, key n -->
		<map iso="B07" to="م"/> <!-- Uyghur letter M, key m -->
		<map iso="B08" to="،"/> <!-- Uyghur comma , key ,-->
		<map iso="B09" to="."/>
		<!-- 16 Composite Uyghur vowel forms are expressed as a combination of the initial and medial shapes 
			of the following Arabic letter YEY ئ 0626 followed by the medial and final forms of Uyghur vowels -->
		<map iso="B10" to="ئ"/> <!-- see above, key / -->
		<map iso="A03" to=" "/> <!-- space -->
	</keyMap>
	<keyMap modifiers='cmd+opt+shift+caps?'>
		<map iso="E00" to="…"/> <!-- ` -->
		<map iso="E01" to="!"/> <!-- 1  -->
		<map iso="E02" to="@" /> <!-- 2 -->
		<map iso="E03" to="#"/> <!-- 3  -->
		<map iso="E04" to="$"/> <!-- 4  -->
		<map iso="E05" to="%"/> <!-- 5  -->
		<map iso="E06" to="^"/> <!-- 6  -->
		<map iso="E07" to="&amp;"/> <!-- 7  -->
		<map iso="E08" to="*"/> <!-- 8  -->
		<map iso="E09" to=")"/> <!-- 9  -->
		<map iso="E10" to="("/> <!-- 0  -->
		<map iso="E11" to="—"/> <!-- long dash for Uyghur - -->
		<map iso="E12" to="+"/> <!-- = -->
		<map iso="D03" to="ې"/><!-- Uyghur letter é, key E  base=ە -->
		<map iso="D05" to="ـ"/><!-- Kashida inserted to stretch Uyghur Arabic letters, key T  base=ت -->
		<map iso="D07" to="ۈ"/><!-- Uyghur letter ü, key U  base=ۇ -->
		<map iso="D09" to="ۈ"/><!-- Uyghur letter ö, key O  base=و -->
		<map iso="D11" to="}"/> <!-- [  -->
		<map iso="D12" to="{"/> <!-- ]  -->
		<map iso="D13" to="|"/> <!-- \  -->
		<map iso="C02" to="ش"/> <!-- Uyghur letter SH, key S  base=س -->
		<map iso="C05" to="غ"/><!-- Uyghur letter GH, key G  base=گ -->
		<map iso="C07" to="ژ"/> <!-- Uyghur letter J, key J  base=ج -->
		<map iso="C09" to="لا"/> <!-- Uyghur letter LA, key L  base=ل -->
		<map iso="C10" to=":"/> <!-- ;  base=؛ -->
		<map iso="C11" to="»"/> <!-- " -->
		<map iso="B00" to="\u{3}"/> <!-- (1 key to left of Z) -->
		<map iso="B06" to="ڭ"/><!-- Uyghur letter NG, key N, base ن -->
		<map iso="B08" to="›"/> <!-- Uyghur opening little parenthesis  -->
		<map iso="B09" to="‹"/> <!-- Uyghur closing little parenthesis  -->
		<map iso="B10" to="؟"/> <!-- / -->
		<map iso="A03" to=" "/> <!-- space -->
	</keyMap>
	<keyMap modifiers='cmd+opt+caps'>
		<map iso="E00" to="…"/> <!-- ` -->
		<map iso="E01" to="!"/> <!-- 1  -->
		<map iso="E02" to="@" /> <!-- 2 -->
		<map iso="E03" to="#"/> <!-- 3  -->
		<map iso="E04" to="$"/> <!-- 4  -->
		<map iso="E05" to="%"/> <!-- 5  -->
		<map iso="E06" to="^"/> <!-- 6  -->
		<map iso="E07" to="&amp;"/> <!-- 7  -->
		<map iso="E08" to="*"/> <!-- 8  -->
		<map iso="E09" to=")"/> <!-- 9  -->
		<map iso="E10" to="("/> <!-- 0  -->
		<map iso="E11" to="—"/> <!-- long dash for Uyghur - -->
		<map iso="E12" to="+"/> <!-- = -->
		<map iso="D03" to="ې"/><!-- Uyghur letter é, key E  base=ە -->
		<map iso="D05" to="ـ"/><!-- Kashida inserted to stretch Uyghur Arabic letters, key T  base=ت -->
		<map iso="D07" to="ۈ"/><!-- Uyghur letter ü, key U  base=ۇ -->
		<map iso="D09" to="ۈ"/><!-- Uyghur letter ö, key O  base=و -->
		<map iso="D11" to="}"/> <!-- [  -->
		<map iso="D12" to="{"/> <!-- ]  -->
		<map iso="D13" to="|"/> <!-- \  -->
		<map iso="C02" to="ش"/> <!-- Uyghur letter SH, key S  base=س -->
		<map iso="C05" to="غ"/><!-- Uyghur letter GH, key G  base=گ -->
		<map iso="C07" to="ژ"/> <!-- Uyghur letter J, key J  base=ج -->
		<map iso="C09" to="لا"/> <!-- Uyghur letter LA, key L  base=ل -->
		<map iso="C10" to=":"/> <!-- ;  base=؛ -->
		<map iso="C11" to="»"/> <!-- " -->
		<map iso="B00" to="\u{3}"/> <!-- (1 key to left of Z) -->
		<map iso="B06" to="ڭ"/><!-- Uyghur letter NG, key N, base ن -->
		<map iso="B08" to="›"/> <!-- Uyghur opening little parenthesis  -->
		<map iso="B09" to="‹"/> <!-- Uyghur closing little parenthesis  -->
		<map iso="B10" to="؟"/> <!-- / -->
		<map iso="A03" to=" "/> <!-- space -->
	</keyMap>
</keyboard>
