<?xml version="1.0" encoding="UTF-8" ?>
<!DOCTYPE platform SYSTEM "../dtd/ldmlPlatform.dtd">
<platform id="chromeos">
	<hardwareMap>
		<map keycode="10" iso="E01"/>
		<map keycode="11" iso="E02"/>
		<map keycode="12" iso="E03"/>
		<map keycode="13" iso="E04"/>
		<map keycode="14" iso="E05"/>
		<map keycode="15" iso="E06"/>
		<map keycode="16" iso="E07"/>
		<map keycode="17" iso="E08"/>
		<map keycode="18" iso="E09"/>
		<map keycode="19" iso="E10"/>
		<map keycode="20" iso="E11"/>
		<map keycode="21" iso="E12"/>
		<map keycode="24" iso="D01"/>
		<map keycode="25" iso="D02"/>
		<map keycode="26" iso="D03"/>
		<map keycode="27" iso="D04"/>
		<map keycode="28" iso="D05"/>
		<map keycode="29" iso="D06"/>
		<map keycode="30" iso="D07"/>
		<map keycode="31" iso="D08"/>
		<map keycode="32" iso="D09"/>
		<map keycode="33" iso="D10"/>
		<map keycode="34" iso="D11"/>
		<map keycode="35" iso="D12"/>
		<map keycode="38" iso="C01"/>
		<map keycode="39" iso="C02"/>
		<map keycode="40" iso="C03"/>
		<map keycode="41" iso="C04"/>
		<map keycode="42" iso="C05"/>
		<map keycode="43" iso="C06"/>
		<map keycode="44" iso="C07"/>
		<map keycode="45" iso="C08"/>
		<map keycode="46" iso="C09"/>
		<map keycode="47" iso="C10"/>
		<map keycode="48" iso="C11"/>
		<map keycode="49" iso="E00"/>
		<map keycode="51" iso="D13"/>
		<map keycode="52" iso="B01"/>
		<map keycode="53" iso="B02"/>
		<map keycode="54" iso="B03"/>
		<map keycode="55" iso="B04"/>
		<map keycode="56" iso="B05"/>
		<map keycode="57" iso="B06"/>
		<map keycode="58" iso="B07"/>
		<map keycode="59" iso="B08"/>
		<map keycode="60" iso="B09"/>
		<map keycode="61" iso="B10"/>
		<map keycode="65" iso="A03"/>
		<map keycode="94" iso="B00"/>
		<map keycode="97" iso="B11"/>
		<map keycode="132" iso="E13"/>
	</hardwareMap>
</platform>
