<?xml version="1.0" encoding="UTF-8" ?>
<!DOCTYPE keyboard SYSTEM "../dtd/ldmlKeyboard.dtd">
<keyboard locale="fr-CA-t-k0-chromeos">
	<version platform="33" number="$Revision: 11914 $"/>
	<names>
		<name value="Canada"/>
	</names>
	<settings transformFailure="omit" transformPartial="hide"/>
	<keyMap>
		<map iso="E00" to="#"/> <!-- ` -->
		<map iso="E01" to="1"/>
		<map iso="E02" to="2"/>
		<map iso="E03" to="3"/>
		<map iso="E04" to="4"/>
		<map iso="E05" to="5"/>
		<map iso="E06" to="6"/>
		<map iso="E07" to="7"/>
		<map iso="E08" to="8"/>
		<map iso="E09" to="9"/>
		<map iso="E10" to="0"/>
		<map iso="E11" to="-"/>
		<map iso="E12" to="="/>
		<map iso="D01" to="q"/>
		<map iso="D02" to="w"/>
		<map iso="D03" to="e"/>
		<map iso="D04" to="r"/>
		<map iso="D05" to="t"/>
		<map iso="D06" to="y"/>
		<map iso="D07" to="u"/>
		<map iso="D08" to="i"/>
		<map iso="D09" to="o"/>
		<map iso="D10" to="p"/>
		<map iso="D11" to="\u{302}"/> <!-- [  to= ̂  -->
		<map iso="D12" to="\u{327}"/> <!-- ]  to= ̧  -->
		<map iso="D13" to="&lt;"/> <!-- \ -->
		<map iso="C01" to="a"/>
		<map iso="C02" to="s"/>
		<map iso="C03" to="d"/>
		<map iso="C04" to="f"/>
		<map iso="C05" to="g"/>
		<map iso="C06" to="h"/>
		<map iso="C07" to="j"/>
		<map iso="C08" to="k"/>
		<map iso="C09" to="l"/>
		<map iso="C10" to=";"/>
		<map iso="C11" to="\u{300}"/> <!-- '  to= ̀  -->
		<map iso="B00" to="«"/> <!-- (1 key to left of Z) -->
		<map iso="B01" to="z"/>
		<map iso="B02" to="x"/>
		<map iso="B03" to="c"/>
		<map iso="B04" to="v"/>
		<map iso="B05" to="b"/>
		<map iso="B06" to="n"/>
		<map iso="B07" to="m"/>
		<map iso="B08" to=","/>
		<map iso="B09" to="."/>
		<map iso="B10" to="é"/> <!-- / -->
		<map iso="A03" to=" "/> <!-- space -->
	</keyMap>
	<keyMap modifiers="shift">
		<map iso="E00" to="|"/> <!-- `  base=# -->
		<map iso="E01" to="!"/> <!-- 1 -->
		<map iso="E02" to="\u{22}"/> <!-- 2  to= "  -->
		<map iso="E03" to="/"/> <!-- 3 -->
		<map iso="E04" to="$"/> <!-- 4 -->
		<map iso="E05" to="%"/> <!-- 5 -->
		<map iso="E06" to="?"/> <!-- 6 -->
		<map iso="E07" to="&amp;"/> <!-- 7 -->
		<map iso="E08" to="*"/> <!-- 8 -->
		<map iso="E09" to="("/> <!-- 9 -->
		<map iso="E10" to=")"/> <!-- 0 -->
		<map iso="E11" to="_"/> <!-- - -->
		<map iso="E12" to="+"/> <!-- = -->
		<map iso="D01" to="Q"/>
		<map iso="D02" to="W"/>
		<map iso="D03" to="E"/>
		<map iso="D04" to="R"/>
		<map iso="D05" to="T"/>
		<map iso="D06" to="Y"/>
		<map iso="D07" to="U"/>
		<map iso="D08" to="I"/>
		<map iso="D09" to="O"/>
		<map iso="D10" to="P"/>
		<map iso="D11" to="\u{302}"/> <!-- [  to= ̂  -->
		<map iso="D12" to="\u{308}"/> <!-- ]  base=̧  to= ̈  -->
		<map iso="D13" to="&gt;"/> <!-- \  base=< -->
		<map iso="C01" to="A"/>
		<map iso="C02" to="S"/>
		<map iso="C03" to="D"/>
		<map iso="C04" to="F"/>
		<map iso="C05" to="G"/>
		<map iso="C06" to="H"/>
		<map iso="C07" to="J"/>
		<map iso="C08" to="K"/>
		<map iso="C09" to="L"/>
		<map iso="C10" to=":"/> <!-- ; -->
		<map iso="C11" to="\u{300}"/> <!-- '  to= ̀  -->
		<map iso="B00" to="»"/> <!-- (1 key to left of Z)  base=« -->
		<map iso="B01" to="Z"/>
		<map iso="B02" to="X"/>
		<map iso="B03" to="C"/>
		<map iso="B04" to="V"/>
		<map iso="B05" to="B"/>
		<map iso="B06" to="N"/>
		<map iso="B07" to="M"/>
		<map iso="B08" to="&apos;"/> <!-- , -->
		<map iso="B09" to="."/>
		<map iso="B10" to="É"/> <!-- / -->
		<map iso="A03" to=" "/> <!-- space -->
	</keyMap>
	<keyMap modifiers="caps">
		<map iso="E00" to="#"/> <!-- ` -->
		<map iso="E01" to="1"/>
		<map iso="E02" to="2"/>
		<map iso="E03" to="3"/>
		<map iso="E04" to="4"/>
		<map iso="E05" to="5"/>
		<map iso="E06" to="6"/>
		<map iso="E07" to="7"/>
		<map iso="E08" to="8"/>
		<map iso="E09" to="9"/>
		<map iso="E10" to="0"/>
		<map iso="E11" to="-"/>
		<map iso="E12" to="="/>
		<map iso="D01" to="Q"/>
		<map iso="D02" to="W"/>
		<map iso="D03" to="E"/>
		<map iso="D04" to="R"/>
		<map iso="D05" to="T"/>
		<map iso="D06" to="Y"/>
		<map iso="D07" to="U"/>
		<map iso="D08" to="I"/>
		<map iso="D09" to="O"/>
		<map iso="D10" to="P"/>
		<map iso="D11" to="\u{302}"/> <!-- [  to= ̂  -->
		<map iso="D12" to="\u{327}"/> <!-- ]  to= ̧  -->
		<map iso="D13" to="&lt;"/> <!-- \ -->
		<map iso="C01" to="A"/>
		<map iso="C02" to="S"/>
		<map iso="C03" to="D"/>
		<map iso="C04" to="F"/>
		<map iso="C05" to="G"/>
		<map iso="C06" to="H"/>
		<map iso="C07" to="J"/>
		<map iso="C08" to="K"/>
		<map iso="C09" to="L"/>
		<map iso="C10" to=";"/>
		<map iso="C11" to="\u{300}"/> <!-- '  to= ̀  -->
		<map iso="B00" to="«"/> <!-- (1 key to left of Z) -->
		<map iso="B01" to="Z"/>
		<map iso="B02" to="X"/>
		<map iso="B03" to="C"/>
		<map iso="B04" to="V"/>
		<map iso="B05" to="B"/>
		<map iso="B06" to="N"/>
		<map iso="B07" to="M"/>
		<map iso="B08" to=","/>
		<map iso="B09" to="."/>
		<map iso="B10" to="É"/> <!-- / -->
		<map iso="A03" to=" "/> <!-- space -->
	</keyMap>
	<keyMap modifiers="caps+shift">
		<map iso="E00" to="|"/> <!-- `  base=# -->
		<map iso="E01" to="!"/> <!-- 1 -->
		<map iso="E02" to="\u{22}"/> <!-- 2  to= "  -->
		<map iso="E03" to="/"/> <!-- 3 -->
		<map iso="E04" to="$"/> <!-- 4 -->
		<map iso="E05" to="%"/> <!-- 5 -->
		<map iso="E06" to="?"/> <!-- 6 -->
		<map iso="E07" to="&amp;"/> <!-- 7 -->
		<map iso="E08" to="*"/> <!-- 8 -->
		<map iso="E09" to="("/> <!-- 9 -->
		<map iso="E10" to=")"/> <!-- 0 -->
		<map iso="E11" to="_"/> <!-- - -->
		<map iso="E12" to="+"/> <!-- = -->
		<map iso="D01" to="q"/>
		<map iso="D02" to="w"/>
		<map iso="D03" to="e"/>
		<map iso="D04" to="r"/>
		<map iso="D05" to="t"/>
		<map iso="D06" to="y"/>
		<map iso="D07" to="u"/>
		<map iso="D08" to="i"/>
		<map iso="D09" to="o"/>
		<map iso="D10" to="p"/>
		<map iso="D11" to="\u{302}"/> <!-- [  to= ̂  -->
		<map iso="D12" to="\u{308}"/> <!-- ]  base=̧  to= ̈  -->
		<map iso="D13" to="&gt;"/> <!-- \  base=< -->
		<map iso="C01" to="a"/>
		<map iso="C02" to="s"/>
		<map iso="C03" to="d"/>
		<map iso="C04" to="f"/>
		<map iso="C05" to="g"/>
		<map iso="C06" to="h"/>
		<map iso="C07" to="j"/>
		<map iso="C08" to="k"/>
		<map iso="C09" to="l"/>
		<map iso="C10" to=":"/> <!-- ; -->
		<map iso="C11" to="\u{300}"/> <!-- '  to= ̀  -->
		<map iso="B00" to="»"/> <!-- (1 key to left of Z)  base=« -->
		<map iso="B01" to="z"/>
		<map iso="B02" to="x"/>
		<map iso="B03" to="c"/>
		<map iso="B04" to="v"/>
		<map iso="B05" to="b"/>
		<map iso="B06" to="n"/>
		<map iso="B07" to="m"/>
		<map iso="B08" to="&apos;"/> <!-- , -->
		<map iso="B09" to="."/>
		<map iso="B10" to="é"/> <!-- / -->
		<map iso="A03" to=" "/> <!-- space -->
	</keyMap>
	<keyMap modifiers="altR">
		<map iso="E00" to="\"/> <!-- `  base=# -->
		<map iso="E01" to="±"/> <!-- 1 -->
		<map iso="E02" to="@"/> <!-- 2 -->
		<map iso="E03" to="£"/> <!-- 3 -->
		<map iso="E04" to="¢"/> <!-- 4 -->
		<map iso="E05" to="¤"/> <!-- 5 -->
		<map iso="E06" to="¬"/> <!-- 6 -->
		<map iso="E07" to="¦"/> <!-- 7 -->
		<map iso="E08" to="²"/> <!-- 8 -->
		<map iso="E09" to="³"/> <!-- 9 -->
		<map iso="E10" to="¼"/> <!-- 0 -->
		<map iso="E11" to="½"/> <!-- - -->
		<map iso="E12" to="¾"/> <!-- = -->
		<map iso="D01" to="q"/>
		<map iso="D02" to="w"/>
		<map iso="D03" to="e"/>
		<map iso="D04" to="r"/>
		<map iso="D05" to="t"/>
		<map iso="D06" to="y"/>
		<map iso="D07" to="u"/>
		<map iso="D08" to="i"/>
		<map iso="D09" to="§"/> <!-- O -->
		<map iso="D10" to="¶"/> <!-- P -->
		<map iso="D11" to="["/> <!--   base=̂ -->
		<map iso="D12" to="]"/> <!--   base=̧ -->
		<map iso="D13" to="}"/> <!-- \  base=< -->
		<map iso="C01" to="a"/>
		<map iso="C02" to="s"/>
		<map iso="C03" to="d"/>
		<map iso="C04" to="f"/>
		<map iso="C05" to="g"/>
		<map iso="C06" to="h"/>
		<map iso="C07" to="j"/>
		<map iso="C08" to="k"/>
		<map iso="C09" to="l"/>
		<map iso="C10" to="~"/> <!-- ; -->
		<map iso="C11" to="{"/> <!-- '  base=̀ -->
		<map iso="B00" to="°"/> <!-- (1 key to left of Z)  base=« -->
		<map iso="B01" to="z"/>
		<map iso="B02" to="x"/>
		<map iso="B03" to="c"/>
		<map iso="B04" to="v"/>
		<map iso="B05" to="b"/>
		<map iso="B06" to="n"/>
		<map iso="B07" to="µ"/> <!-- M -->
		<map iso="B08" to="¯"/> <!-- , -->
		<map iso="B09" to="\u{AD}"/> <!-- . -->
		<map iso="B10" to="\u{301}"/> <!-- /  base=é  to= ́  -->
		<map iso="A03" to="\u{A0}"/> <!-- space -->
	</keyMap>
	<keyMap modifiers="altR+shift">
		<map iso="E00" to="#"/> <!-- ` -->
		<map iso="E01" to="1"/>
		<map iso="E02" to="2"/>
		<map iso="E03" to="3"/>
		<map iso="E04" to="4"/>
		<map iso="E05" to="5"/>
		<map iso="E06" to="6"/>
		<map iso="E07" to="7"/>
		<map iso="E08" to="8"/>
		<map iso="E09" to="9"/>
		<map iso="E10" to="0"/>
		<map iso="E11" to="-"/>
		<map iso="E12" to="="/>
		<map iso="D01" to="Q"/>
		<map iso="D02" to="W"/>
		<map iso="D03" to="E"/>
		<map iso="D04" to="R"/>
		<map iso="D05" to="T"/>
		<map iso="D06" to="Y"/>
		<map iso="D07" to="U"/>
		<map iso="D08" to="I"/>
		<map iso="D09" to="o"/>
		<map iso="D10" to="p"/>
		<map iso="D11" to="\u{302}"/> <!-- [  to= ̂  -->
		<map iso="D12" to="\u{327}"/> <!-- ]  to= ̧  -->
		<map iso="D13" to="&lt;"/> <!-- \ -->
		<map iso="C01" to="A"/>
		<map iso="C02" to="S"/>
		<map iso="C03" to="D"/>
		<map iso="C04" to="F"/>
		<map iso="C05" to="G"/>
		<map iso="C06" to="H"/>
		<map iso="C07" to="J"/>
		<map iso="C08" to="K"/>
		<map iso="C09" to="L"/>
		<map iso="C10" to=";"/>
		<map iso="C11" to="\u{300}"/> <!-- '  to= ̀  -->
		<map iso="B00" to="«"/> <!-- (1 key to left of Z) -->
		<map iso="B01" to="Z"/>
		<map iso="B02" to="X"/>
		<map iso="B03" to="C"/>
		<map iso="B04" to="V"/>
		<map iso="B05" to="B"/>
		<map iso="B06" to="N"/>
		<map iso="B07" to="m"/>
		<map iso="B08" to=","/>
		<map iso="B09" to="."/>
		<map iso="B10" to="é"/> <!-- / -->
		<map iso="A03" to=" "/> <!-- space -->
	</keyMap>
	<keyMap modifiers="altR+caps">
		<map iso="E00" to="#"/> <!-- ` -->
		<map iso="E01" to="1"/>
		<map iso="E02" to="2"/>
		<map iso="E03" to="3"/>
		<map iso="E04" to="4"/>
		<map iso="E05" to="5"/>
		<map iso="E06" to="6"/>
		<map iso="E07" to="7"/>
		<map iso="E08" to="8"/>
		<map iso="E09" to="9"/>
		<map iso="E10" to="0"/>
		<map iso="E11" to="-"/>
		<map iso="E12" to="="/>
		<map iso="D01" to="Q"/>
		<map iso="D02" to="W"/>
		<map iso="D03" to="E"/>
		<map iso="D04" to="R"/>
		<map iso="D05" to="T"/>
		<map iso="D06" to="Y"/>
		<map iso="D07" to="U"/>
		<map iso="D08" to="I"/>
		<map iso="D09" to="§"/> <!-- O -->
		<map iso="D10" to="¶"/> <!-- P -->
		<map iso="D11" to="["/> <!--   base=̂ -->
		<map iso="D12" to="\u{327}"/> <!-- ]  to= ̧  -->
		<map iso="D13" to="&lt;"/> <!-- \ -->
		<map iso="C01" to="A"/>
		<map iso="C02" to="S"/>
		<map iso="C03" to="D"/>
		<map iso="C04" to="F"/>
		<map iso="C05" to="G"/>
		<map iso="C06" to="H"/>
		<map iso="C07" to="J"/>
		<map iso="C08" to="K"/>
		<map iso="C09" to="L"/>
		<map iso="C10" to=";"/>
		<map iso="C11" to="{"/> <!-- '  base=̀ -->
		<map iso="B00" to="«"/> <!-- (1 key to left of Z) -->
		<map iso="B01" to="Z"/>
		<map iso="B02" to="X"/>
		<map iso="B03" to="C"/>
		<map iso="B04" to="V"/>
		<map iso="B05" to="B"/>
		<map iso="B06" to="N"/>
		<map iso="B07" to="µ"/> <!-- M -->
		<map iso="B08" to=","/>
		<map iso="B09" to="\u{AD}"/> <!-- . -->
		<map iso="B10" to="\u{301}"/> <!-- /  base=é  to= ́  -->
		<map iso="A03" to="\u{A0}"/> <!-- space -->
	</keyMap>
	<transforms type="simple">
		<transform from="\u{301}\u{301}" to="´"/> <!--  ́́ → ´ -->
		<transform from="\u{300}\u{300}" to="`"/> <!--  ̀̀ → ` -->
		<transform from="\u{302}\u{302}" to="^"/> <!--  ̂̂ → ^ -->
		<transform from="\u{308}\u{308}" to="¨"/> <!--  ̈̈ → ¨ -->
		<transform from="\u{327}\u{327}" to="¸"/> <!--  ̧̧ → ¸ -->
		<transform from="\u{301} " to="&apos;"/> <!--  ́  → ' -->
		<transform from="\u{301}\u{A0}" to="\u{301}"/> <!--  ́  → ́ -->
		<transform from="\u{300} " to="`"/> <!--  ̀  → ` -->
		<transform from="\u{300}\u{A0}" to="\u{300}"/> <!--  ̀  → ̀ -->
		<transform from="\u{302} " to="^"/> <!--  ̂  → ^ -->
		<transform from="\u{302}\u{A0}" to="\u{302}"/> <!--  ̂  → ̂ -->
		<transform from="\u{308} " to=""/> <!--  ̈  →  -->
		<transform from="\u{308}\u{A0}" to="\u{308}"/> <!--  ̈  → ̈ -->
		<transform from="\u{327} " to="¸"/> <!--  ̧  → ¸ -->
		<transform from="\u{327}\u{A0}" to="\u{327}"/> <!--  ̧  → ̧ -->
		<transform from="\u{302}-" to="⁻"/> <!--  ̂- → ⁻ -->
		<transform from="\u{308}&apos;" to="\u{344}"/> <!--  ̈' → ̈́ -->
		<transform from="\u{302}(" to="⁽"/> <!--  ̂( → ⁽ -->
		<transform from="\u{302})" to="⁾"/> <!--  ̂) → ⁾ -->
		<transform from="\u{302}+" to="⁺"/> <!--  ̂+ → ⁺ -->
		<transform from="\u{302}=" to="⁼"/> <!--  ̂= → ⁼ -->
		<transform from="\u{327}¢" to="₵"/> <!--  ̧¢ → ₵ -->
		<transform from="\u{302}0" to="⁰"/> <!--  ̂0 → ⁰ -->
		<transform from="\u{302}1" to="¹"/> <!--  ̂1 → ¹ -->
		<transform from="\u{302}2" to="²"/> <!--  ̂2 → ² -->
		<transform from="\u{302}3" to="³"/> <!--  ̂3 → ³ -->
		<transform from="\u{302}4" to="⁴"/> <!--  ̂4 → ⁴ -->
		<transform from="\u{302}5" to="⁵"/> <!--  ̂5 → ⁵ -->
		<transform from="\u{302}6" to="⁶"/> <!--  ̂6 → ⁶ -->
		<transform from="\u{302}7" to="⁷"/> <!--  ̂7 → ⁷ -->
		<transform from="\u{302}8" to="⁸"/> <!--  ̂8 → ⁸ -->
		<transform from="\u{302}9" to="⁹"/> <!--  ̂9 → ⁹ -->
		<transform from="\u{301}a" to="á"/> <!--  ́a → á -->
		<transform from="\u{301}A" to="Á"/> <!--  ́A → Á -->
		<transform from="\u{302}\u{301}a" to="ấ"/> <!--  ̂́a → ấ -->
		<transform from="\u{302}\u{301}A" to="Ấ"/> <!--  ̂́A → Ấ -->
		<transform from="\u{300}a" to="à"/> <!--  ̀a → à -->
		<transform from="\u{300}A" to="À"/> <!--  ̀A → À -->
		<transform from="\u{302}\u{300}a" to="ầ"/> <!--  ̂̀a → ầ -->
		<transform from="\u{302}\u{300}A" to="Ầ"/> <!--  ̂̀A → Ầ -->
		<transform from="\u{302}a" to="â"/> <!--  ̂a → â -->
		<transform from="\u{302}A" to="Â"/> <!--  ̂A → Â -->
		<transform from="\u{301}\u{302}a" to="ấ"/> <!--  ́̂a → ấ -->
		<transform from="\u{301}\u{302}A" to="Ấ"/> <!--  ́̂A → Ấ -->
		<transform from="\u{300}\u{302}a" to="ầ"/> <!--  ̀̂a → ầ -->
		<transform from="\u{300}\u{302}A" to="Ầ"/> <!--  ̀̂A → Ầ -->
		<transform from="\u{308}a" to="ä"/> <!--  ̈a → ä -->
		<transform from="\u{308}A" to="Ä"/> <!--  ̈A → Ä -->
		<transform from="\u{301}c" to="ć"/> <!--  ́c → ć -->
		<transform from="\u{301}C" to="Ć"/> <!--  ́C → Ć -->
		<transform from="\u{327}\u{301}c" to="ḉ"/> <!--  ̧́c → ḉ -->
		<transform from="\u{327}\u{301}C" to="Ḉ"/> <!--  ̧́C → Ḉ -->
		<transform from="\u{302}c" to="ĉ"/> <!--  ̂c → ĉ -->
		<transform from="\u{302}C" to="Ĉ"/> <!--  ̂C → Ĉ -->
		<transform from="\u{327}c" to="ç"/> <!--  ̧c → ç -->
		<transform from="\u{327}C" to="Ç"/> <!--  ̧C → Ç -->
		<transform from="\u{301}\u{327}c" to="ḉ"/> <!--  ̧́c → ḉ -->
		<transform from="\u{301}\u{327}C" to="Ḉ"/> <!--  ̧́C → Ḉ -->
		<transform from="\u{327}d" to="ḑ"/> <!--  ̧d → ḑ -->
		<transform from="\u{327}D" to="Ḑ"/> <!--  ̧D → Ḑ -->
		<transform from="\u{301}e" to="é"/> <!--  ́e → é -->
		<transform from="\u{301}E" to="É"/> <!--  ́E → É -->
		<transform from="\u{302}\u{301}e" to="ế"/> <!--  ̂́e → ế -->
		<transform from="\u{302}\u{301}E" to="Ế"/> <!--  ̂́E → Ế -->
		<transform from="\u{300}e" to="è"/> <!--  ̀e → è -->
		<transform from="\u{300}E" to="È"/> <!--  ̀E → È -->
		<transform from="\u{302}\u{300}e" to="ề"/> <!--  ̂̀e → ề -->
		<transform from="\u{302}\u{300}E" to="Ề"/> <!--  ̂̀E → Ề -->
		<transform from="\u{302}e" to="ê"/> <!--  ̂e → ê -->
		<transform from="\u{302}E" to="Ê"/> <!--  ̂E → Ê -->
		<transform from="\u{301}\u{302}e" to="ế"/> <!--  ́̂e → ế -->
		<transform from="\u{301}\u{302}E" to="Ế"/> <!--  ́̂E → Ế -->
		<transform from="\u{300}\u{302}e" to="ề"/> <!--  ̀̂e → ề -->
		<transform from="\u{300}\u{302}E" to="Ề"/> <!--  ̀̂E → Ề -->
		<transform from="\u{308}e" to="ë"/> <!--  ̈e → ë -->
		<transform from="\u{308}E" to="Ë"/> <!--  ̈E → Ë -->
		<transform from="\u{327}e" to="ȩ"/> <!--  ̧e → ȩ -->
		<transform from="\u{327}E" to="Ȩ"/> <!--  ̧E → Ȩ -->
		<transform from="\u{302}é" to="ế"/> <!--  ̂é → ế -->
		<transform from="\u{302}É" to="Ế"/> <!--  ̂É → Ế -->
		<transform from="\u{301}g" to="ǵ"/> <!--  ́g → ǵ -->
		<transform from="\u{301}G" to="Ǵ"/> <!--  ́G → Ǵ -->
		<transform from="\u{302}g" to="ĝ"/> <!--  ̂g → ĝ -->
		<transform from="\u{302}G" to="Ĝ"/> <!--  ̂G → Ĝ -->
		<transform from="\u{327}g" to="ģ"/> <!--  ̧g → ģ -->
		<transform from="\u{327}G" to="Ģ"/> <!--  ̧G → Ģ -->
		<transform from="\u{302}h" to="ĥ"/> <!--  ̂h → ĥ -->
		<transform from="\u{302}H" to="Ĥ"/> <!--  ̂H → Ĥ -->
		<transform from="\u{308}h" to="ḧ"/> <!--  ̈h → ḧ -->
		<transform from="\u{308}H" to="Ḧ"/> <!--  ̈H → Ḧ -->
		<transform from="\u{327}h" to="ḩ"/> <!--  ̧h → ḩ -->
		<transform from="\u{327}H" to="Ḩ"/> <!--  ̧H → Ḩ -->
		<transform from="\u{301}i" to="í"/> <!--  ́i → í -->
		<transform from="\u{301}I" to="Í"/> <!--  ́I → Í -->
		<transform from="\u{308}\u{301}i" to="ḯ"/> <!--  ̈́i → ḯ -->
		<transform from="\u{308}\u{301}I" to="Ḯ"/> <!--  ̈́I → Ḯ -->
		<transform from="\u{300}i" to="ì"/> <!--  ̀i → ì -->
		<transform from="\u{300}I" to="Ì"/> <!--  ̀I → Ì -->
		<transform from="\u{302}i" to="î"/> <!--  ̂i → î -->
		<transform from="\u{302}I" to="Î"/> <!--  ̂I → Î -->
		<transform from="\u{308}i" to="ï"/> <!--  ̈i → ï -->
		<transform from="\u{308}I" to="Ï"/> <!--  ̈I → Ï -->
		<transform from="\u{301}\u{308}i" to="ḯ"/> <!--  ́̈i → ḯ -->
		<transform from="\u{301}\u{308}I" to="Ḯ"/> <!--  ́̈I → Ḯ -->
		<transform from="\u{302}j" to="ĵ"/> <!--  ̂j → ĵ -->
		<transform from="\u{302}J" to="Ĵ"/> <!--  ̂J → Ĵ -->
		<transform from="\u{301}k" to="ḱ"/> <!--  ́k → ḱ -->
		<transform from="\u{301}K" to="Ḱ"/> <!--  ́K → Ḱ -->
		<transform from="\u{327}k" to="ķ"/> <!--  ̧k → ķ -->
		<transform from="\u{327}K" to="Ķ"/> <!--  ̧K → Ķ -->
		<transform from="\u{301}l" to="ĺ"/> <!--  ́l → ĺ -->
		<transform from="\u{301}L" to="Ĺ"/> <!--  ́L → Ĺ -->
		<transform from="\u{327}l" to="ļ"/> <!--  ̧l → ļ -->
		<transform from="\u{327}L" to="Ļ"/> <!--  ̧L → Ļ -->
		<transform from="\u{301}m" to="ḿ"/> <!--  ́m → ḿ -->
		<transform from="\u{301}M" to="Ḿ"/> <!--  ́M → Ḿ -->
		<transform from="\u{301}n" to="ń"/> <!--  ́n → ń -->
		<transform from="\u{301}N" to="Ń"/> <!--  ́N → Ń -->
		<transform from="\u{300}n" to="ǹ"/> <!--  ̀n → ǹ -->
		<transform from="\u{300}N" to="Ǹ"/> <!--  ̀N → Ǹ -->
		<transform from="\u{327}n" to="ņ"/> <!--  ̧n → ņ -->
		<transform from="\u{327}N" to="Ņ"/> <!--  ̧N → Ņ -->
		<transform from="\u{301}o" to="ó"/> <!--  ́o → ó -->
		<transform from="\u{301}O" to="Ó"/> <!--  ́O → Ó -->
		<transform from="\u{302}\u{301}o" to="ố"/> <!--  ̂́o → ố -->
		<transform from="\u{302}\u{301}O" to="Ố"/> <!--  ̂́O → Ố -->
		<transform from="\u{300}o" to="ò"/> <!--  ̀o → ò -->
		<transform from="\u{300}O" to="Ò"/> <!--  ̀O → Ò -->
		<transform from="\u{302}\u{300}o" to="ồ"/> <!--  ̂̀o → ồ -->
		<transform from="\u{302}\u{300}O" to="Ồ"/> <!--  ̂̀O → Ồ -->
		<transform from="\u{302}o" to="ô"/> <!--  ̂o → ô -->
		<transform from="\u{302}O" to="Ô"/> <!--  ̂O → Ô -->
		<transform from="\u{301}\u{302}o" to="ố"/> <!--  ́̂o → ố -->
		<transform from="\u{301}\u{302}O" to="Ố"/> <!--  ́̂O → Ố -->
		<transform from="\u{300}\u{302}o" to="ồ"/> <!--  ̀̂o → ồ -->
		<transform from="\u{300}\u{302}O" to="Ồ"/> <!--  ̀̂O → Ồ -->
		<transform from="\u{308}o" to="ö"/> <!--  ̈o → ö -->
		<transform from="\u{308}O" to="Ö"/> <!--  ̈O → Ö -->
		<transform from="\u{301}p" to="ṕ"/> <!--  ́p → ṕ -->
		<transform from="\u{301}P" to="Ṕ"/> <!--  ́P → Ṕ -->
		<transform from="\u{301}r" to="ŕ"/> <!--  ́r → ŕ -->
		<transform from="\u{301}R" to="Ŕ"/> <!--  ́R → Ŕ -->
		<transform from="\u{327}r" to="ŗ"/> <!--  ̧r → ŗ -->
		<transform from="\u{327}R" to="Ŗ"/> <!--  ̧R → Ŗ -->
		<transform from="\u{301}s" to="ś"/> <!--  ́s → ś -->
		<transform from="\u{301}S" to="Ś"/> <!--  ́S → Ś -->
		<transform from="\u{302}s" to="ŝ"/> <!--  ̂s → ŝ -->
		<transform from="\u{302}S" to="Ŝ"/> <!--  ̂S → Ŝ -->
		<transform from="\u{327}s" to="ş"/> <!--  ̧s → ş -->
		<transform from="\u{327}S" to="Ş"/> <!--  ̧S → Ş -->
		<transform from="\u{308}t" to="ẗ"/> <!--  ̈t → ẗ -->
		<transform from="\u{327}t" to="ţ"/> <!--  ̧t → ţ -->
		<transform from="\u{327}T" to="Ţ"/> <!--  ̧T → Ţ -->
		<transform from="\u{301}u" to="ú"/> <!--  ́u → ú -->
		<transform from="\u{301}U" to="Ú"/> <!--  ́U → Ú -->
		<transform from="\u{308}\u{301}u" to="ǘ"/> <!--  ̈́u → ǘ -->
		<transform from="\u{308}\u{301}U" to="Ǘ"/> <!--  ̈́U → Ǘ -->
		<transform from="\u{300}u" to="ù"/> <!--  ̀u → ù -->
		<transform from="\u{300}U" to="Ù"/> <!--  ̀U → Ù -->
		<transform from="\u{308}\u{300}u" to="ǜ"/> <!--  ̈̀u → ǜ -->
		<transform from="\u{308}\u{300}U" to="Ǜ"/> <!--  ̈̀U → Ǜ -->
		<transform from="\u{302}u" to="û"/> <!--  ̂u → û -->
		<transform from="\u{302}U" to="Û"/> <!--  ̂U → Û -->
		<transform from="\u{308}u" to="ü"/> <!--  ̈u → ü -->
		<transform from="\u{308}U" to="Ü"/> <!--  ̈U → Ü -->
		<transform from="\u{301}\u{308}u" to="ǘ"/> <!--  ́̈u → ǘ -->
		<transform from="\u{301}\u{308}U" to="Ǘ"/> <!--  ́̈U → Ǘ -->
		<transform from="\u{300}\u{308}u" to="ǜ"/> <!--  ̀̈u → ǜ -->
		<transform from="\u{300}\u{308}U" to="Ǜ"/> <!--  ̀̈U → Ǜ -->
		<transform from="\u{301}v" to="ǘ"/> <!--  ́v → ǘ -->
		<transform from="\u{301}V" to="Ǘ"/> <!--  ́V → Ǘ -->
		<transform from="\u{300}v" to="ǜ"/> <!--  ̀v → ǜ -->
		<transform from="\u{300}V" to="Ǜ"/> <!--  ̀V → Ǜ -->
		<transform from="\u{301}w" to="ẃ"/> <!--  ́w → ẃ -->
		<transform from="\u{301}W" to="Ẃ"/> <!--  ́W → Ẃ -->
		<transform from="\u{300}w" to="ẁ"/> <!--  ̀w → ẁ -->
		<transform from="\u{300}W" to="Ẁ"/> <!--  ̀W → Ẁ -->
		<transform from="\u{302}w" to="ŵ"/> <!--  ̂w → ŵ -->
		<transform from="\u{302}W" to="Ŵ"/> <!--  ̂W → Ŵ -->
		<transform from="\u{308}w" to="ẅ"/> <!--  ̈w → ẅ -->
		<transform from="\u{308}W" to="Ẅ"/> <!--  ̈W → Ẅ -->
		<transform from="\u{308}x" to="ẍ"/> <!--  ̈x → ẍ -->
		<transform from="\u{308}X" to="Ẍ"/> <!--  ̈X → Ẍ -->
		<transform from="\u{301}y" to="ý"/> <!--  ́y → ý -->
		<transform from="\u{301}Y" to="Ý"/> <!--  ́Y → Ý -->
		<transform from="\u{300}y" to="ỳ"/> <!--  ̀y → ỳ -->
		<transform from="\u{300}Y" to="Ỳ"/> <!--  ̀Y → Ỳ -->
		<transform from="\u{302}y" to="ŷ"/> <!--  ̂y → ŷ -->
		<transform from="\u{302}Y" to="Ŷ"/> <!--  ̂Y → Ŷ -->
		<transform from="\u{308}y" to="ÿ"/> <!--  ̈y → ÿ -->
		<transform from="\u{308}Y" to="Ÿ"/> <!--  ̈Y → Ÿ -->
		<transform from="\u{301}z" to="ź"/> <!--  ́z → ź -->
		<transform from="\u{301}Z" to="Ź"/> <!--  ́Z → Ź -->
		<transform from="\u{302}z" to="ẑ"/> <!--  ̂z → ẑ -->
		<transform from="\u{302}Z" to="Ẑ"/> <!--  ̂Z → Ẑ -->
	</transforms>
</keyboard>
