<?xml version="1.0" encoding="UTF-8" ?>
<!DOCTYPE keyboard SYSTEM "../dtd/ldmlKeyboard.dtd">
<keyboard locale="sr-t-k0-chromeos">
	<version platform="33" number="$Revision: 11914 $"/>
	<names>
		<name value="Serbia"/>
	</names>
	<settings transformFailure="omit" transformPartial="hide"/>
	<keyMap>
		<map iso="E00" to="`"/>
		<map iso="E01" to="1"/>
		<map iso="E02" to="2"/>
		<map iso="E03" to="3"/>
		<map iso="E04" to="4"/>
		<map iso="E05" to="5"/>
		<map iso="E06" to="6"/>
		<map iso="E07" to="7"/>
		<map iso="E08" to="8"/>
		<map iso="E09" to="9"/>
		<map iso="E10" to="0"/>
		<map iso="E11" to="&apos;"/> <!-- - -->
		<map iso="E12" to="+"/> <!-- = -->
		<map iso="D01" to="љ"/> <!-- Q -->
		<map iso="D02" to="њ"/> <!-- W -->
		<map iso="D03" to="е"/> <!-- E -->
		<map iso="D04" to="р"/> <!-- R -->
		<map iso="D05" to="т"/> <!-- T -->
		<map iso="D06" to="з"/> <!-- Y -->
		<map iso="D07" to="у"/> <!-- U -->
		<map iso="D08" to="и"/> <!-- I -->
		<map iso="D09" to="о"/> <!-- O -->
		<map iso="D10" to="п"/> <!-- P -->
		<map iso="D11" to="ш"/> <!-- [ -->
		<map iso="D12" to="ђ"/> <!-- ] -->
		<map iso="D13" to="ж"/> <!-- \ -->
		<map iso="C01" to="а"/> <!-- A -->
		<map iso="C02" to="с"/> <!-- S -->
		<map iso="C03" to="д"/> <!-- D -->
		<map iso="C04" to="ф"/> <!-- F -->
		<map iso="C05" to="г"/> <!-- G -->
		<map iso="C06" to="х"/> <!-- H -->
		<map iso="C07" to="ј"/> <!-- J -->
		<map iso="C08" to="к"/> <!-- K -->
		<map iso="C09" to="л"/> <!-- L -->
		<map iso="C10" to="ч"/> <!-- ; -->
		<map iso="C11" to="ћ"/> <!-- ' -->
		<map iso="B01" to="ж"/> <!-- Z -->
		<map iso="B02" to="џ"/> <!-- X -->
		<map iso="B03" to="ц"/> <!-- C -->
		<map iso="B04" to="в"/> <!-- V -->
		<map iso="B05" to="б"/> <!-- B -->
		<map iso="B06" to="н"/> <!-- N -->
		<map iso="B07" to="м"/> <!-- M -->
		<map iso="B08" to=","/>
		<map iso="B09" to="."/>
		<map iso="B10" to="-"/> <!-- / -->
		<map iso="A03" to=" "/> <!-- space -->
	</keyMap>
	<keyMap modifiers="shift">
		<map iso="E00" to="~"/> <!-- ` -->
		<map iso="E01" to="!"/> <!-- 1 -->
		<map iso="E02" to="\u{22}"/> <!-- 2  to= "  -->
		<map iso="E03" to="#"/> <!-- 3 -->
		<map iso="E04" to="$"/> <!-- 4 -->
		<map iso="E05" to="%"/> <!-- 5 -->
		<map iso="E06" to="&amp;"/> <!-- 6 -->
		<map iso="E07" to="/"/> <!-- 7 -->
		<map iso="E08" to="("/> <!-- 8 -->
		<map iso="E09" to=")"/> <!-- 9 -->
		<map iso="E10" to="="/> <!-- 0 -->
		<map iso="E11" to="?"/> <!-- -  base=' -->
		<map iso="E12" to="*"/> <!-- =  base=+ -->
		<map iso="D01" to="Љ"/> <!-- Q -->
		<map iso="D02" to="Њ"/> <!-- W -->
		<map iso="D03" to="Е"/> <!-- E -->
		<map iso="D04" to="Р"/> <!-- R -->
		<map iso="D05" to="Т"/> <!-- T -->
		<map iso="D06" to="З"/> <!-- Y -->
		<map iso="D07" to="У"/> <!-- U -->
		<map iso="D08" to="И"/> <!-- I -->
		<map iso="D09" to="О"/> <!-- O -->
		<map iso="D10" to="П"/> <!-- P -->
		<map iso="D11" to="Ш"/> <!-- [ -->
		<map iso="D12" to="Ђ"/> <!-- ] -->
		<map iso="D13" to="Ж"/> <!-- \ -->
		<map iso="C01" to="А"/> <!-- A -->
		<map iso="C02" to="С"/> <!-- S -->
		<map iso="C03" to="Д"/> <!-- D -->
		<map iso="C04" to="Ф"/> <!-- F -->
		<map iso="C05" to="Г"/> <!-- G -->
		<map iso="C06" to="Х"/> <!-- H -->
		<map iso="C07" to="Ј"/> <!-- J -->
		<map iso="C08" to="К"/> <!-- K -->
		<map iso="C09" to="Л"/> <!-- L -->
		<map iso="C10" to="Ч"/> <!-- ; -->
		<map iso="C11" to="Ћ"/> <!-- ' -->
		<map iso="B01" to="Ж"/> <!-- Z -->
		<map iso="B02" to="Џ"/> <!-- X -->
		<map iso="B03" to="Ц"/> <!-- C -->
		<map iso="B04" to="В"/> <!-- V -->
		<map iso="B05" to="Б"/> <!-- B -->
		<map iso="B06" to="Н"/> <!-- N -->
		<map iso="B07" to="М"/> <!-- M -->
		<map iso="B08" to=";"/> <!-- , -->
		<map iso="B09" to=":"/> <!-- . -->
		<map iso="B10" to="_"/> <!-- /  base=- -->
		<map iso="A03" to=" "/> <!-- space -->
	</keyMap>
	<keyMap modifiers="caps">
		<map iso="E00" to="`"/>
		<map iso="E01" to="1"/>
		<map iso="E02" to="2"/>
		<map iso="E03" to="3"/>
		<map iso="E04" to="4"/>
		<map iso="E05" to="5"/>
		<map iso="E06" to="6"/>
		<map iso="E07" to="7"/>
		<map iso="E08" to="8"/>
		<map iso="E09" to="9"/>
		<map iso="E10" to="0"/>
		<map iso="E11" to="&apos;"/> <!-- - -->
		<map iso="E12" to="+"/> <!-- = -->
		<map iso="D01" to="Љ"/> <!-- Q -->
		<map iso="D02" to="Њ"/> <!-- W -->
		<map iso="D03" to="Е"/> <!-- E -->
		<map iso="D04" to="Р"/> <!-- R -->
		<map iso="D05" to="Т"/> <!-- T -->
		<map iso="D06" to="З"/> <!-- Y -->
		<map iso="D07" to="У"/> <!-- U -->
		<map iso="D08" to="И"/> <!-- I -->
		<map iso="D09" to="О"/> <!-- O -->
		<map iso="D10" to="П"/> <!-- P -->
		<map iso="D11" to="Ш"/> <!-- [ -->
		<map iso="D12" to="Ђ"/> <!-- ] -->
		<map iso="D13" to="Ж"/> <!-- \ -->
		<map iso="C01" to="А"/> <!-- A -->
		<map iso="C02" to="С"/> <!-- S -->
		<map iso="C03" to="Д"/> <!-- D -->
		<map iso="C04" to="Ф"/> <!-- F -->
		<map iso="C05" to="Г"/> <!-- G -->
		<map iso="C06" to="Х"/> <!-- H -->
		<map iso="C07" to="Ј"/> <!-- J -->
		<map iso="C08" to="К"/> <!-- K -->
		<map iso="C09" to="Л"/> <!-- L -->
		<map iso="C10" to="Ч"/> <!-- ; -->
		<map iso="C11" to="Ћ"/> <!-- ' -->
		<map iso="B01" to="Ж"/> <!-- Z -->
		<map iso="B02" to="Џ"/> <!-- X -->
		<map iso="B03" to="Ц"/> <!-- C -->
		<map iso="B04" to="В"/> <!-- V -->
		<map iso="B05" to="Б"/> <!-- B -->
		<map iso="B06" to="Н"/> <!-- N -->
		<map iso="B07" to="М"/> <!-- M -->
		<map iso="B08" to=","/>
		<map iso="B09" to="."/>
		<map iso="B10" to="-"/> <!-- / -->
		<map iso="A03" to=" "/> <!-- space -->
	</keyMap>
	<keyMap modifiers="caps+shift">
		<map iso="E00" to="`"/>
		<map iso="E01" to="!"/> <!-- 1 -->
		<map iso="E02" to="\u{22}"/> <!-- 2  to= "  -->
		<map iso="E03" to="3"/>
		<map iso="E04" to="$"/> <!-- 4 -->
		<map iso="E05" to="%"/> <!-- 5 -->
		<map iso="E06" to="&amp;"/> <!-- 6 -->
		<map iso="E07" to="7"/>
		<map iso="E08" to="8"/>
		<map iso="E09" to="9"/>
		<map iso="E10" to="0"/>
		<map iso="E11" to="&apos;"/> <!-- - -->
		<map iso="E12" to="*"/> <!-- =  base=+ -->
		<map iso="D01" to="љ"/> <!-- Q -->
		<map iso="D02" to="њ"/> <!-- W -->
		<map iso="D03" to="е"/> <!-- E -->
		<map iso="D04" to="р"/> <!-- R -->
		<map iso="D05" to="т"/> <!-- T -->
		<map iso="D06" to="з"/> <!-- Y -->
		<map iso="D07" to="у"/> <!-- U -->
		<map iso="D08" to="и"/> <!-- I -->
		<map iso="D09" to="о"/> <!-- O -->
		<map iso="D10" to="п"/> <!-- P -->
		<map iso="D11" to="ш"/> <!-- [ -->
		<map iso="D12" to="ђ"/> <!-- ] -->
		<map iso="D13" to="ж"/> <!-- \ -->
		<map iso="C01" to="а"/> <!-- A -->
		<map iso="C02" to="с"/> <!-- S -->
		<map iso="C03" to="д"/> <!-- D -->
		<map iso="C04" to="ф"/> <!-- F -->
		<map iso="C05" to="г"/> <!-- G -->
		<map iso="C06" to="х"/> <!-- H -->
		<map iso="C07" to="ј"/> <!-- J -->
		<map iso="C08" to="к"/> <!-- K -->
		<map iso="C09" to="л"/> <!-- L -->
		<map iso="C10" to="ч"/> <!-- ; -->
		<map iso="C11" to="ћ"/> <!-- ' -->
		<map iso="B01" to="ж"/> <!-- Z -->
		<map iso="B02" to="џ"/> <!-- X -->
		<map iso="B03" to="ц"/> <!-- C -->
		<map iso="B04" to="в"/> <!-- V -->
		<map iso="B05" to="б"/> <!-- B -->
		<map iso="B06" to="н"/> <!-- N -->
		<map iso="B07" to="м"/> <!-- M -->
		<map iso="B08" to=","/>
		<map iso="B09" to="."/>
		<map iso="B10" to="-"/> <!-- / -->
		<map iso="A03" to=" "/> <!-- space -->
	</keyMap>
	<keyMap modifiers="altR">
		<map iso="E00" to="°"/> <!-- ` -->
		<map iso="E01" to="1"/>
		<map iso="E02" to="2"/>
		<map iso="E03" to="\u{302}"/> <!-- 3  to= ̂  -->
		<map iso="E04" to="4"/>
		<map iso="E05" to="5"/>
		<map iso="E06" to="6"/>
		<map iso="E07" to="\u{300}"/> <!-- 7  to= ̀  -->
		<map iso="E08" to="\u{30F}"/> <!-- 8  to= ̏  -->
		<map iso="E09" to="\u{301}"/> <!-- 9  to= ́  -->
		<map iso="E10" to="\u{311}"/> <!-- 0  to= ̑  -->
		<map iso="E11" to="\u{304}"/> <!-- -  base='  to= ̄  -->
		<map iso="E12" to="+"/> <!-- = -->
		<map iso="D01" to="\"/> <!-- Q  base=љ -->
		<map iso="D02" to="|"/> <!-- W  base=њ -->
		<map iso="D03" to="€"/> <!-- E  base=е -->
		<map iso="D04" to="¶"/> <!-- R  base=р -->
		<map iso="D05" to="…"/> <!-- T  base=т -->
		<map iso="D06" to="←"/> <!-- Y  base=з -->
		<map iso="D07" to="↓"/> <!-- U  base=у -->
		<map iso="D08" to="→"/> <!-- I  base=и -->
		<map iso="D09" to="§"/> <!-- O  base=о -->
		<map iso="D10" to="п"/> <!-- P -->
		<map iso="D11" to="÷"/> <!-- [  base=ш -->
		<map iso="D12" to="×"/> <!-- ]  base=ђ -->
		<map iso="D13" to="¤"/> <!-- \  base=ж -->
		<map iso="C01" to="а"/> <!-- A -->
		<map iso="C02" to="„"/> <!-- S  base=с -->
		<map iso="C03" to="“"/> <!-- D  base=д -->
		<map iso="C04" to="["/> <!-- F  base=ф -->
		<map iso="C05" to="]"/> <!-- G  base=г -->
		<map iso="C06" to="х"/> <!-- H -->
		<map iso="C07" to="ј"/> <!-- J -->
		<map iso="C08" to="к"/> <!-- K -->
		<map iso="C09" to="л"/> <!-- L -->
		<map iso="C10" to="ч"/> <!-- ; -->
		<map iso="C11" to="ћ"/> <!-- ' -->
		<map iso="B01" to="‘"/> <!-- Z  base=ж -->
		<map iso="B02" to="’"/> <!-- X  base=џ -->
		<map iso="B03" to="¢"/> <!-- C  base=ц -->
		<map iso="B04" to="@"/> <!-- V  base=в -->
		<map iso="B05" to="{"/> <!-- B  base=б -->
		<map iso="B06" to="}"/> <!-- N  base=н -->
		<map iso="B07" to="^"/> <!-- M  base=м -->
		<map iso="B08" to="&lt;"/> <!-- , -->
		<map iso="B09" to="&gt;"/> <!-- . -->
		<map iso="B10" to="—"/> <!-- /  base=- -->
		<map iso="A03" to=" "/> <!-- space -->
	</keyMap>
	<keyMap modifiers="altR+shift">
		<map iso="E00" to="¬"/> <!-- ` -->
		<map iso="E01" to="1"/>
		<map iso="E02" to="2"/>
		<map iso="E03" to="3"/>
		<map iso="E04" to="4"/>
		<map iso="E05" to="5"/>
		<map iso="E06" to="6"/>
		<map iso="E07" to="7"/>
		<map iso="E08" to="8"/>
		<map iso="E09" to="9"/>
		<map iso="E10" to="0"/>
		<map iso="E11" to="&apos;"/> <!-- - -->
		<map iso="E12" to="+"/> <!-- = -->
		<map iso="D01" to="љ"/> <!-- Q -->
		<map iso="D02" to="њ"/> <!-- W -->
		<map iso="D03" to="£"/> <!-- E  base=е -->
		<map iso="D04" to="®"/> <!-- R  base=р -->
		<map iso="D05" to="т"/> <!-- T -->
		<map iso="D06" to="¥"/> <!-- Y  base=з -->
		<map iso="D07" to="↑"/> <!-- U  base=у -->
		<map iso="D08" to="и"/> <!-- I -->
		<map iso="D09" to="о"/> <!-- O -->
		<map iso="D10" to="п"/> <!-- P -->
		<map iso="D11" to="ш"/> <!-- [ -->
		<map iso="D12" to="ђ"/> <!-- ] -->
		<map iso="D13" to="ж"/> <!-- \ -->
		<map iso="C01" to="а"/> <!-- A -->
		<map iso="C02" to="»"/> <!-- S  base=с -->
		<map iso="C03" to="«"/> <!-- D  base=д -->
		<map iso="C04" to="ф"/> <!-- F -->
		<map iso="C05" to="г"/> <!-- G -->
		<map iso="C06" to="х"/> <!-- H -->
		<map iso="C07" to="ј"/> <!-- J -->
		<map iso="C08" to="к"/> <!-- K -->
		<map iso="C09" to="л"/> <!-- L -->
		<map iso="C10" to="ч"/> <!-- ; -->
		<map iso="C11" to="ћ"/> <!-- ' -->
		<map iso="B01" to="ж"/> <!-- Z -->
		<map iso="B02" to="џ"/> <!-- X -->
		<map iso="B03" to="©"/> <!-- C  base=ц -->
		<map iso="B04" to="в"/> <!-- V -->
		<map iso="B05" to="б"/> <!-- B -->
		<map iso="B06" to="н"/> <!-- N -->
		<map iso="B07" to="м"/> <!-- M -->
		<map iso="B08" to=","/>
		<map iso="B09" to="."/>
		<map iso="B10" to="–"/> <!-- /  base=- -->
		<map iso="A03" to=" "/> <!-- space -->
	</keyMap>
	<transforms type="simple">
		<transform from="\u{301}\u{301}" to="´"/> <!--  ́́ → ´ -->
		<transform from="\u{300}\u{300}" to="`"/> <!--  ̀̀ → ` -->
		<transform from="\u{302}\u{302}" to="^"/> <!--  ̂̂ → ^ -->
		<transform from="\u{304}\u{304}" to="¯"/> <!--  ̄̄ → ¯ -->
		<transform from="\u{302}-" to="⁻"/> <!--  ̂- → ⁻ -->
		<transform from="\u{302}(" to="⁽"/> <!--  ̂( → ⁽ -->
		<transform from="\u{302})" to="⁾"/> <!--  ̂) → ⁾ -->
		<transform from="\u{302}+" to="⁺"/> <!--  ̂+ → ⁺ -->
		<transform from="\u{302}=" to="⁼"/> <!--  ̂= → ⁼ -->
		<transform from="\u{302}0" to="⁰"/> <!--  ̂0 → ⁰ -->
		<transform from="\u{302}1" to="¹"/> <!--  ̂1 → ¹ -->
		<transform from="\u{302}2" to="²"/> <!--  ̂2 → ² -->
		<transform from="\u{302}3" to="³"/> <!--  ̂3 → ³ -->
		<transform from="\u{302}4" to="⁴"/> <!--  ̂4 → ⁴ -->
		<transform from="\u{302}5" to="⁵"/> <!--  ̂5 → ⁵ -->
		<transform from="\u{302}6" to="⁶"/> <!--  ̂6 → ⁶ -->
		<transform from="\u{302}7" to="⁷"/> <!--  ̂7 → ⁷ -->
		<transform from="\u{302}8" to="⁸"/> <!--  ̂8 → ⁸ -->
		<transform from="\u{302}9" to="⁹"/> <!--  ̂9 → ⁹ -->
		<transform from="\u{301}а" to="а\u{301}"/> <!--  ́а → а́ -->
		<transform from="\u{301}А" to="А\u{301}"/> <!--  ́А → А́ -->
		<transform from="\u{300}а" to="а\u{300}"/> <!--  ̀а → а̀ -->
		<transform from="\u{300}А" to="А\u{300}"/> <!--  ̀А → А̀ -->
		<transform from="\u{302}а" to="а\u{302}"/> <!--  ̂а → а̂ -->
		<transform from="\u{302}А" to="А\u{302}"/> <!--  ̂А → А̂ -->
		<transform from="\u{304}а" to="а\u{304}"/> <!--  ̄а → а̄ -->
		<transform from="\u{304}А" to="А\u{304}"/> <!--  ̄А → А̄ -->
		<transform from="\u{30F}а" to="а\u{30F}"/> <!--  ̏а → а̏ -->
		<transform from="\u{30F}А" to="А\u{30F}"/> <!--  ̏А → А̏ -->
		<transform from="\u{311}а" to="а\u{311}"/> <!--  ̑а → а̑ -->
		<transform from="\u{311}А" to="А\u{311}"/> <!--  ̑А → А̑ -->
		<transform from="\u{301}г" to="ѓ"/> <!--  ́г → ѓ -->
		<transform from="\u{301}Г" to="Ѓ"/> <!--  ́Г → Ѓ -->
		<transform from="\u{301}е" to="е\u{301}"/> <!--  ́е → е́ -->
		<transform from="\u{301}Е" to="Е\u{301}"/> <!--  ́Е → Е́ -->
		<transform from="\u{300}е" to="ѐ"/> <!--  ̀е → ѐ -->
		<transform from="\u{300}Е" to="Ѐ"/> <!--  ̀Е → Ѐ -->
		<transform from="\u{302}е" to="е\u{302}"/> <!--  ̂е → е̂ -->
		<transform from="\u{302}Е" to="Е\u{302}"/> <!--  ̂Е → Е̂ -->
		<transform from="\u{304}е" to="е\u{304}"/> <!--  ̄е → е̄ -->
		<transform from="\u{304}Е" to="Е\u{304}"/> <!--  ̄Е → Е̄ -->
		<transform from="\u{30F}е" to="е\u{30F}"/> <!--  ̏е → е̏ -->
		<transform from="\u{30F}Е" to="Е\u{30F}"/> <!--  ̏Е → Е̏ -->
		<transform from="\u{311}е" to="е\u{311}"/> <!--  ̑е → е̑ -->
		<transform from="\u{311}Е" to="Е\u{311}"/> <!--  ̑Е → Е̑ -->
		<transform from="\u{301}и" to="и\u{301}"/> <!--  ́и → и́ -->
		<transform from="\u{301}И" to="И\u{301}"/> <!--  ́И → И́ -->
		<transform from="\u{300}и" to="ѝ"/> <!--  ̀и → ѝ -->
		<transform from="\u{300}И" to="Ѝ"/> <!--  ̀И → Ѝ -->
		<transform from="\u{302}и" to="и\u{302}"/> <!--  ̂и → и̂ -->
		<transform from="\u{302}И" to="И\u{302}"/> <!--  ̂И → И̂ -->
		<transform from="\u{304}и" to="ӣ"/> <!--  ̄и → ӣ -->
		<transform from="\u{304}И" to="Ӣ"/> <!--  ̄И → Ӣ -->
		<transform from="\u{30F}и" to="и\u{30F}"/> <!--  ̏и → и̏ -->
		<transform from="\u{30F}И" to="И\u{30F}"/> <!--  ̏И → И̏ -->
		<transform from="\u{311}и" to="и\u{311}"/> <!--  ̑и → и̑ -->
		<transform from="\u{311}И" to="И\u{311}"/> <!--  ̑И → И̑ -->
		<transform from="\u{301}к" to="ќ"/> <!--  ́к → ќ -->
		<transform from="\u{301}К" to="Ќ"/> <!--  ́К → Ќ -->
		<transform from="\u{301}о" to="о\u{301}"/> <!--  ́о → о́ -->
		<transform from="\u{301}О" to="О\u{301}"/> <!--  ́О → О́ -->
		<transform from="\u{300}о" to="о\u{300}"/> <!--  ̀о → о̀ -->
		<transform from="\u{300}О" to="О\u{300}"/> <!--  ̀О → О̀ -->
		<transform from="\u{302}о" to="о\u{302}"/> <!--  ̂о → о̂ -->
		<transform from="\u{302}О" to="О\u{302}"/> <!--  ̂О → О̂ -->
		<transform from="\u{304}о" to="о\u{304}"/> <!--  ̄о → о̄ -->
		<transform from="\u{304}О" to="О\u{304}"/> <!--  ̄О → О̄ -->
		<transform from="\u{30F}о" to="о\u{30F}"/> <!--  ̏о → о̏ -->
		<transform from="\u{30F}О" to="О\u{30F}"/> <!--  ̏О → О̏ -->
		<transform from="\u{311}о" to="о\u{311}"/> <!--  ̑о → о̑ -->
		<transform from="\u{311}О" to="О\u{311}"/> <!--  ̑О → О̑ -->
		<transform from="\u{301}р" to="р\u{301}"/> <!--  ́р → р́ -->
		<transform from="\u{301}Р" to="Р\u{301}"/> <!--  ́Р → Р́ -->
		<transform from="\u{300}р" to="р\u{300}"/> <!--  ̀р → р̀ -->
		<transform from="\u{300}Р" to="Р\u{300}"/> <!--  ̀Р → Р̀ -->
		<transform from="\u{302}р" to="р\u{302}"/> <!--  ̂р → р̂ -->
		<transform from="\u{302}Р" to="Р\u{302}"/> <!--  ̂Р → Р̂ -->
		<transform from="\u{304}р" to="р\u{304}"/> <!--  ̄р → р̄ -->
		<transform from="\u{304}Р" to="Р\u{304}"/> <!--  ̄Р → Р̄ -->
		<transform from="\u{30F}р" to="р\u{30F}"/> <!--  ̏р → р̏ -->
		<transform from="\u{30F}Р" to="Р\u{30F}"/> <!--  ̏Р → Р̏ -->
		<transform from="\u{311}р" to="р\u{311}"/> <!--  ̑р → р̑ -->
		<transform from="\u{311}Р" to="Р\u{311}"/> <!--  ̑Р → Р̑ -->
		<transform from="\u{301}у" to="у\u{301}"/> <!--  ́у → у́ -->
		<transform from="\u{301}У" to="У\u{301}"/> <!--  ́У → У́ -->
		<transform from="\u{300}у" to="у\u{300}"/> <!--  ̀у → у̀ -->
		<transform from="\u{300}У" to="У\u{300}"/> <!--  ̀У → У̀ -->
		<transform from="\u{302}у" to="у\u{302}"/> <!--  ̂у → у̂ -->
		<transform from="\u{302}У" to="У\u{302}"/> <!--  ̂У → У̂ -->
		<transform from="\u{304}у" to="ӯ"/> <!--  ̄у → ӯ -->
		<transform from="\u{304}У" to="Ӯ"/> <!--  ̄У → Ӯ -->
		<transform from="\u{30F}у" to="у\u{30F}"/> <!--  ̏у → у̏ -->
		<transform from="\u{30F}У" to="У\u{30F}"/> <!--  ̏У → У̏ -->
		<transform from="\u{311}у" to="у\u{311}"/> <!--  ̑у → у̑ -->
		<transform from="\u{311}У" to="У\u{311}"/> <!--  ̑У → У̑ -->
	</transforms>
</keyboard>
