<?xml version="1.0" encoding="UTF-8"?>
<!DOCTYPE keyboard SYSTEM "../dtd/ldmlKeyboard.dtd">
<keyboard locale="ba-t-k0-windows">
	<version platform="10" number="$Revision: 13265 $"/>
	<names>
		<name value="Bashkir"/>
	</names>
	<settings fallback="omit"/>
	<keyMap>
		<map iso="E00" to="ә"/> <!-- ` -->
		<map iso="E01" to="!"/> <!-- 1 -->
		<map iso="E02" to="ө"/> <!-- 2 -->
		<map iso="E03" to="ҡ"/> <!-- 3 -->
		<map iso="E04" to="ғ"/> <!-- 4 -->
		<map iso="E05" to="ҫ"/> <!-- 5 -->
		<map iso="E06" to=":"/> <!-- 6 -->
		<map iso="E07" to="ҙ"/> <!-- 7 -->
		<map iso="E08" to="һ"/> <!-- 8 -->
		<map iso="E09" to="?"/> <!-- 9 -->
		<map iso="E10" to="№"/> <!-- 0 -->
		<map iso="E11" to="-"/>
		<map iso="E12" to="ү"/> <!-- = -->
		<map iso="D01" to="й"/> <!-- Q -->
		<map iso="D02" to="ц"/> <!-- W -->
		<map iso="D03" to="у"/> <!-- E -->
		<map iso="D04" to="к"/> <!-- R -->
		<map iso="D05" to="е"/> <!-- T -->
		<map iso="D06" to="н"/> <!-- Y -->
		<map iso="D07" to="г"/> <!-- U -->
		<map iso="D08" to="ш"/> <!-- I -->
		<map iso="D09" to="щ"/> <!-- O -->
		<map iso="D10" to="з"/> <!-- P -->
		<map iso="D11" to="х"/> <!-- [ -->
		<map iso="D12" to="ъ"/> <!-- ] -->
		<map iso="C01" to="ф"/> <!-- A -->
		<map iso="C02" to="ы"/> <!-- S -->
		<map iso="C03" to="в"/> <!-- D -->
		<map iso="C04" to="а"/> <!-- F -->
		<map iso="C05" to="п"/> <!-- G -->
		<map iso="C06" to="р"/> <!-- H -->
		<map iso="C07" to="о"/> <!-- J -->
		<map iso="C08" to="л"/> <!-- K -->
		<map iso="C09" to="д"/> <!-- L -->
		<map iso="C10" to="ж"/> <!-- ; -->
		<map iso="C11" to="э"/> <!-- ' -->
		<map iso="C12" to="ң"/> <!-- (key to right of ') -->
		<map iso="B01" to="я"/> <!-- Z -->
		<map iso="B02" to="ч"/> <!-- X -->
		<map iso="B03" to="с"/> <!-- C -->
		<map iso="B04" to="м"/> <!-- V -->
		<map iso="B05" to="и"/> <!-- B -->
		<map iso="B06" to="т"/> <!-- N -->
		<map iso="B07" to="ь"/> <!-- M -->
		<map iso="B08" to="б"/> <!-- , -->
		<map iso="B09" to="ю"/> <!-- . -->
		<map iso="B10" to="."/> <!-- / -->
		<map iso="A03" to=" "/> <!-- space -->
	</keyMap>
	<keyMap modifiers="shift">
		<map iso="E00" to="Ә"/> <!-- ` -->
		<map iso="E01" to="\u{22}"/> <!-- 1  base=!  to= "  -->
		<map iso="E02" to="Ө"/> <!-- 2 -->
		<map iso="E03" to="Ҡ"/> <!-- 3 -->
		<map iso="E04" to="Ғ"/> <!-- 4 -->
		<map iso="E05" to="Ҫ"/> <!-- 5 -->
		<map iso="E06" to=";"/> <!-- 6  base=: -->
		<map iso="E07" to="Ҙ"/> <!-- 7 -->
		<map iso="E08" to="Һ"/> <!-- 8 -->
		<map iso="E09" to="("/> <!-- 9  base=? -->
		<map iso="E10" to=")"/> <!-- 0  base=№ -->
		<map iso="E11" to="%"/> <!-- - -->
		<map iso="E12" to="Ү"/> <!-- = -->
		<map iso="D01" to="Й"/> <!-- Q -->
		<map iso="D02" to="Ц"/> <!-- W -->
		<map iso="D03" to="У"/> <!-- E -->
		<map iso="D04" to="К"/> <!-- R -->
		<map iso="D05" to="Е"/> <!-- T -->
		<map iso="D06" to="Н"/> <!-- Y -->
		<map iso="D07" to="Г"/> <!-- U -->
		<map iso="D08" to="Ш"/> <!-- I -->
		<map iso="D09" to="Щ"/> <!-- O -->
		<map iso="D10" to="З"/> <!-- P -->
		<map iso="D11" to="Х"/> <!-- [ -->
		<map iso="D12" to="Ъ"/> <!-- ] -->
		<map iso="C01" to="Ф"/> <!-- A -->
		<map iso="C02" to="Ы"/> <!-- S -->
		<map iso="C03" to="В"/> <!-- D -->
		<map iso="C04" to="А"/> <!-- F -->
		<map iso="C05" to="П"/> <!-- G -->
		<map iso="C06" to="Р"/> <!-- H -->
		<map iso="C07" to="О"/> <!-- J -->
		<map iso="C08" to="Л"/> <!-- K -->
		<map iso="C09" to="Д"/> <!-- L -->
		<map iso="C10" to="Ж"/> <!-- ; -->
		<map iso="C11" to="Э"/> <!-- ' -->
		<map iso="C12" to="Ң"/> <!-- (key to right of ') -->
		<map iso="B01" to="Я"/> <!-- Z -->
		<map iso="B02" to="Ч"/> <!-- X -->
		<map iso="B03" to="С"/> <!-- C -->
		<map iso="B04" to="М"/> <!-- V -->
		<map iso="B05" to="И"/> <!-- B -->
		<map iso="B06" to="Т"/> <!-- N -->
		<map iso="B07" to="Ь"/> <!-- M -->
		<map iso="B08" to="Б"/> <!-- , -->
		<map iso="B09" to="Ю"/> <!-- . -->
		<map iso="B10" to=","/> <!-- /  base=. -->
		<map iso="A03" to=" "/> <!-- space -->
	</keyMap>
	<keyMap modifiers="caps">
		<map iso="E00" to="Ә"/> <!-- ` -->
		<map iso="E01" to="!"/> <!-- 1 -->
		<map iso="E02" to="Ө"/> <!-- 2 -->
		<map iso="E03" to="Ҡ"/> <!-- 3 -->
		<map iso="E04" to="Ғ"/> <!-- 4 -->
		<map iso="E05" to="Ҫ"/> <!-- 5 -->
		<map iso="E06" to=":"/> <!-- 6 -->
		<map iso="E07" to="Ҙ"/> <!-- 7 -->
		<map iso="E08" to="Һ"/> <!-- 8 -->
		<map iso="E09" to="?"/> <!-- 9 -->
		<map iso="E10" to="№"/> <!-- 0 -->
		<map iso="E11" to="-"/>
		<map iso="E12" to="Ү"/> <!-- = -->
		<map iso="D01" to="Й"/> <!-- Q -->
		<map iso="D02" to="Ц"/> <!-- W -->
		<map iso="D03" to="У"/> <!-- E -->
		<map iso="D04" to="К"/> <!-- R -->
		<map iso="D05" to="Е"/> <!-- T -->
		<map iso="D06" to="Н"/> <!-- Y -->
		<map iso="D07" to="Г"/> <!-- U -->
		<map iso="D08" to="Ш"/> <!-- I -->
		<map iso="D09" to="Щ"/> <!-- O -->
		<map iso="D10" to="З"/> <!-- P -->
		<map iso="D11" to="Х"/> <!-- [ -->
		<map iso="D12" to="Ъ"/> <!-- ] -->
		<map iso="C01" to="Ф"/> <!-- A -->
		<map iso="C02" to="Ы"/> <!-- S -->
		<map iso="C03" to="В"/> <!-- D -->
		<map iso="C04" to="А"/> <!-- F -->
		<map iso="C05" to="П"/> <!-- G -->
		<map iso="C06" to="Р"/> <!-- H -->
		<map iso="C07" to="О"/> <!-- J -->
		<map iso="C08" to="Л"/> <!-- K -->
		<map iso="C09" to="Д"/> <!-- L -->
		<map iso="C10" to="Ж"/> <!-- ; -->
		<map iso="C11" to="Э"/> <!-- ' -->
		<map iso="C12" to="Ң"/> <!-- (key to right of ') -->
		<map iso="B01" to="Я"/> <!-- Z -->
		<map iso="B02" to="Ч"/> <!-- X -->
		<map iso="B03" to="С"/> <!-- C -->
		<map iso="B04" to="М"/> <!-- V -->
		<map iso="B05" to="И"/> <!-- B -->
		<map iso="B06" to="Т"/> <!-- N -->
		<map iso="B07" to="Ь"/> <!-- M -->
		<map iso="B08" to="Б"/> <!-- , -->
		<map iso="B09" to="Ю"/> <!-- . -->
		<map iso="B10" to="."/> <!-- / -->
		<map iso="A03" to=" "/> <!-- space -->
	</keyMap>
	<keyMap modifiers="caps+shift">
		<map iso="E00" to="ә"/> <!-- ` -->
		<map iso="E01" to="\u{22}"/> <!-- 1  base=!  to= "  -->
		<map iso="E02" to="ө"/> <!-- 2 -->
		<map iso="E03" to="ҡ"/> <!-- 3 -->
		<map iso="E04" to="ғ"/> <!-- 4 -->
		<map iso="E05" to="ҫ"/> <!-- 5 -->
		<map iso="E06" to=";"/> <!-- 6  base=: -->
		<map iso="E07" to="ҙ"/> <!-- 7 -->
		<map iso="E08" to="һ"/> <!-- 8 -->
		<map iso="E09" to="("/> <!-- 9  base=? -->
		<map iso="E10" to=")"/> <!-- 0  base=№ -->
		<map iso="E11" to="%"/> <!-- - -->
		<map iso="E12" to="ү"/> <!-- = -->
		<map iso="D01" to="й"/> <!-- Q -->
		<map iso="D02" to="ц"/> <!-- W -->
		<map iso="D03" to="у"/> <!-- E -->
		<map iso="D04" to="к"/> <!-- R -->
		<map iso="D05" to="е"/> <!-- T -->
		<map iso="D06" to="н"/> <!-- Y -->
		<map iso="D07" to="г"/> <!-- U -->
		<map iso="D08" to="ш"/> <!-- I -->
		<map iso="D09" to="щ"/> <!-- O -->
		<map iso="D10" to="з"/> <!-- P -->
		<map iso="D11" to="х"/> <!-- [ -->
		<map iso="D12" to="ъ"/> <!-- ] -->
		<map iso="C01" to="ф"/> <!-- A -->
		<map iso="C02" to="ы"/> <!-- S -->
		<map iso="C03" to="в"/> <!-- D -->
		<map iso="C04" to="а"/> <!-- F -->
		<map iso="C05" to="п"/> <!-- G -->
		<map iso="C06" to="р"/> <!-- H -->
		<map iso="C07" to="о"/> <!-- J -->
		<map iso="C08" to="л"/> <!-- K -->
		<map iso="C09" to="д"/> <!-- L -->
		<map iso="C10" to="ж"/> <!-- ; -->
		<map iso="C11" to="э"/> <!-- ' -->
		<map iso="C12" to="ң"/> <!-- (key to right of ') -->
		<map iso="B01" to="я"/> <!-- Z -->
		<map iso="B02" to="ч"/> <!-- X -->
		<map iso="B03" to="с"/> <!-- C -->
		<map iso="B04" to="м"/> <!-- V -->
		<map iso="B05" to="и"/> <!-- B -->
		<map iso="B06" to="т"/> <!-- N -->
		<map iso="B07" to="ь"/> <!-- M -->
		<map iso="B08" to="б"/> <!-- , -->
		<map iso="B09" to="ю"/> <!-- . -->
		<map iso="B10" to=","/> <!-- /  base=. -->
		<map iso="A03" to=" "/> <!-- space -->
	</keyMap>
	<keyMap modifiers="altR+caps? ctrl+alt+caps?">
		<map iso="E08" to="₽"/> <!-- 8  base=һ -->
	</keyMap>
	<keyMap modifiers="ctrl+caps?">
		<map iso="A03" to=" "/> <!-- space -->
	</keyMap>
</keyboard>
