<?xml version="1.0" encoding="UTF-8"?>
<!DOCTYPE keyboard SYSTEM "../dtd/ldmlKeyboard.dtd">
<keyboard locale="bo-t-k0-windows-extended">
	<version platform="10" number="$Revision: 13680 $"/>
	<names>
		<name value="Tibetan (PRC) - Updated"/>
	</names>
	<settings fallback="omit" transformPartial="hide"/>
	<keyMap>
		<map iso="E00" to="ཨ"/> <!-- ` -->
		<map iso="E01" to="༡"/> <!-- 1 -->
		<map iso="E02" to="༢"/> <!-- 2 -->
		<map iso="E03" to="༣"/> <!-- 3 -->
		<map iso="E04" to="༤"/> <!-- 4 -->
		<map iso="E05" to="༥"/> <!-- 5 -->
		<map iso="E06" to="༦"/> <!-- 6 -->
		<map iso="E07" to="༧"/> <!-- 7 -->
		<map iso="E08" to="༨"/> <!-- 8 -->
		<map iso="E09" to="༩"/> <!-- 9 -->
		<map iso="E10" to="༠"/> <!-- 0 -->
		<map iso="E11" to="ཧ"/> <!-- - -->
		<map iso="E12" to="ཝ"/> <!-- = -->
		<map iso="D01" to="ཅ"/> <!-- Q -->
		<map iso="D02" to="ཆ"/> <!-- W -->
		<map iso="D03" to="\u{F7A}"/> <!-- E  to= ེ  -->
		<map iso="D04" to="ར"/> <!-- R -->
		<map iso="D05" to="ཏ"/> <!-- T -->
		<map iso="D06" to="ཡ"/> <!-- Y -->
		<map iso="D07" to="\u{F74}"/> <!-- U  to= ུ  -->
		<map iso="D08" to="\u{F72}"/> <!-- I  to= ི  -->
		<map iso="D09" to="\u{F7C}"/> <!-- O  to= ོ  -->
		<map iso="D10" to="ཕ"/> <!-- P -->
		<map iso="D11" to="ཙ"/> <!-- [ -->
		<map iso="D12" to="ཚ"/> <!-- ] -->
		<map iso="C01" to="འ"/> <!-- A -->
		<map iso="C02" to="ས"/> <!-- S -->
		<map iso="C03" to="ད"/> <!-- D -->
		<map iso="C04" to="བ"/> <!-- F -->
		<map iso="C05" to="ང"/> <!-- G -->
		<map iso="C06" to="མ"/> <!-- H -->
		<map iso="C07" to="་"/> <!-- J -->
		<map iso="C08" to="ག"/> <!-- K -->
		<map iso="C09" to="ལ"/> <!-- L -->
		<map iso="C10" to="ཞ"/> <!-- ; -->
		<map iso="C11" to="།"/> <!-- ' -->
		<map iso="C12" to="ཛ"/> <!-- (key to right of ') -->
		<map iso="B01" to="ཟ"/> <!-- Z -->
		<map iso="B02" to="ཤ"/> <!-- X -->
		<map iso="B03" to="ཀ"/> <!-- C -->
		<map iso="B04" to="ཁ"/> <!-- V -->
		<map iso="B05" to="པ"/> <!-- B -->
		<map iso="B06" to="ན"/> <!-- N -->
		<map iso="B07" to="m"/>
		<map iso="B08" to="ཐ"/> <!-- , -->
		<map iso="B09" to="ཇ"/> <!-- . -->
		<map iso="B10" to="ཉ"/> <!-- / -->
		<map iso="A03" to=" "/> <!-- space -->
	</keyMap>
	<keyMap modifiers="shift caps">
		<map iso="E00" to="༁"/> <!-- `  base=ཨ -->
		<map iso="E01" to="༪"/> <!-- 1  base=༡ -->
		<map iso="E02" to="༫"/> <!-- 2  base=༢ -->
		<map iso="E03" to="༬"/> <!-- 3  base=༣ -->
		<map iso="E04" to="༭"/> <!-- 4  base=༤ -->
		<map iso="E05" to="༮"/> <!-- 5  base=༥ -->
		<map iso="E06" to="༯"/> <!-- 6  base=༦ -->
		<map iso="E07" to="༰"/> <!-- 7  base=༧ -->
		<map iso="E08" to="༱"/> <!-- 8  base=༨ -->
		<map iso="E09" to="༲"/> <!-- 9  base=༩ -->
		<map iso="E10" to="༳"/> <!-- 0  base=༠ -->
		<map iso="E11" to="༼"/> <!-- -  base=ཧ -->
		<map iso="E12" to="༽"/> <!-- =  base=ཝ -->
		<map iso="D01" to="༕"/> <!-- Q  base=ཅ -->
		<map iso="D02" to="༖"/> <!-- W  base=ཆ -->
		<map iso="D03" to="༗"/> <!-- E  base=ེ -->
		<map iso="D04" to="\u{FBC}"/> <!-- R  base=ར  to= ྼ  -->
		<map iso="D05" to="ཊ"/> <!-- T  base=ཏ -->
		<map iso="D06" to="\u{FBB}"/> <!-- Y  base=ཡ  to= ྻ  -->
		<map iso="D07" to="\u{F18}"/> <!-- U  base=ུ  to= ༘  -->
		<map iso="D08" to="\u{F19}"/> <!-- I  base=ི  to= ༙  -->
		<map iso="D09" to="༚"/> <!-- O  base=ོ -->
		<map iso="D10" to="༛"/> <!-- P  base=ཕ -->
		<map iso="D11" to="༜"/> <!-- [  base=ཙ -->
		<map iso="D12" to="༝"/> <!-- ]  base=ཚ -->
		<map iso="C01" to="\u{F71}"/> <!-- A  base=འ  to= ཱ  -->
		<map iso="C02" to="༟"/> <!-- S  base=ས -->
		<map iso="C03" to="ཌ"/> <!-- D  base=ད -->
		<map iso="C04" to="\u{F3E}"/> <!-- F  base=བ  to= ༾  -->
		<map iso="C05" to="\u{F3F}"/> <!-- G  base=ང  to= ༿  -->
		<map iso="C06" to="࿏"/> <!-- H  base=མ -->
		<map iso="C07" to="༂"/> <!-- J  base=་ -->
		<map iso="C08" to="༃"/> <!-- K  base=ག -->
		<map iso="C09" to="༆"/> <!-- L  base=ལ -->
		<map iso="C10" to="༇"/> <!-- ;  base=ཞ -->
		<map iso="C11" to="༸"/> <!-- '  base=། -->
		<map iso="C12" to="༞"/> <!-- (key to right of ')  base=ཛ -->
		<map iso="B01" to="༴"/> <!-- Z  base=ཟ -->
		<map iso="B02" to="ཥ"/> <!-- X  base=ཤ -->
		<map iso="B03" to="ཀྵ"/> <!-- C  base=ཀ -->
		<map iso="B04" to="\u{F87}"/> <!-- V  base=ཁ  to= ྇  -->
		<map iso="B05" to="\u{F86}"/> <!-- B  base=པ  to= ྆  -->
		<map iso="B06" to="ཎ"/> <!-- N  base=ན -->
		<map iso="B07" to="M"/>
		<map iso="B08" to="ཋ"/> <!-- ,  base=ཐ -->
		<map iso="B09" to="༺"/> <!-- .  base=ཇ -->
		<map iso="B10" to="༻"/> <!-- /  base=ཉ -->
		<map iso="A03" to=" "/> <!-- space -->
	</keyMap>
	<keyMap modifiers="altR+caps? ctrl+alt?+caps?">
		<map iso="A03" to=" "/> <!-- space -->
	</keyMap>
	<keyMap modifiers="altR+shift+caps? ctrl+alt+shift+caps?">
		<map iso="E00" to="ༀ"/> <!-- `  base=ཨ -->
		<map iso="E01" to="\u{F76}"/> <!-- 1  base=༡  to= ྲྀ  -->
		<map iso="E02" to="\u{FB2}\u{F71}\u{F80}"/> <!-- 2  base=༢  to= ྲཱྀ  -->
		<map iso="E03" to="\u{F78}"/> <!-- 3  base=༣  to= ླྀ  -->
		<map iso="E04" to="\u{FB3}\u{F71}\u{F80}"/> <!-- 4  base=༤  to= ླཱྀ  -->
		<map iso="E05" to="\u{F71}\u{F80}"/> <!-- 5  base=༥  to= ཱྀ  -->
		<map iso="E06" to="༉"/> <!-- 6  base=༦ -->
		<map iso="E07" to="༊"/> <!-- 7  base=༧ -->
		<map iso="E08" to="༏"/> <!-- 8  base=༨ -->
		<map iso="E09" to="༐"/> <!-- 9  base=༩ -->
		<map iso="E10" to="༒"/> <!-- 0  base=༠ -->
		<map iso="E11" to="༌"/> <!-- -  base=ཧ -->
		<map iso="E12" to="༓"/> <!-- =  base=ཝ -->
		<map iso="D01" to="ྉ"/> <!-- Q  base=ཅ -->
		<map iso="D02" to="ྈ"/> <!-- W  base=ཆ -->
		<map iso="D03" to="྾"/> <!-- E  base=ེ -->
		<map iso="D04" to="ཪ"/> <!-- R  base=ར -->
		<map iso="D05" to="\u{F9A}"/> <!-- T  base=ཏ  to= ྚ  -->
		<map iso="D06" to="྿"/> <!-- Y  base=ཡ -->
		<map iso="D07" to="\u{F71}\u{F74}"/> <!-- U  base=ུ  to= ཱུ  -->
		<map iso="D08" to="\u{F71}\u{F72}"/> <!-- I  base=ི  to= ཱི  -->
		<map iso="D09" to="࿀"/> <!-- O  base=ོ -->
		<map iso="D10" to="࿁"/> <!-- P  base=ཕ -->
		<map iso="D11" to="࿂"/> <!-- [  base=ཙ -->
		<map iso="D12" to="࿃"/> <!-- ]  base=ཚ -->
		<map iso="C01" to="࿄"/> <!-- A  base=འ -->
		<map iso="C02" to="࿅"/> <!-- S  base=ས -->
		<map iso="C03" to="\u{F9C}"/> <!-- D  base=ད  to= ྜ  -->
		<map iso="C04" to="བྷ"/> <!-- F  base=བ -->
		<map iso="C05" to="\u{FC6}"/> <!-- G  base=ང  to= ࿆  -->
		<map iso="C06" to="࿇"/> <!-- H  base=མ -->
		<map iso="C07" to="࿈"/> <!-- J  base=་ -->
		<map iso="C08" to="གྷ"/> <!-- K  base=ག -->
		<map iso="C09" to="࿉"/> <!-- L  base=ལ -->
		<map iso="C10" to="࿊"/> <!-- ;  base=ཞ -->
		<map iso="C11" to="࿋"/> <!-- '  base=། -->
		<map iso="C12" to="ཛྷ"/> <!-- (key to right of ')  base=ཛ -->
		<map iso="B01" to="࿌"/> <!-- Z  base=ཟ -->
		<map iso="B02" to="\u{FB5}"/> <!-- X  base=ཤ  to= ྵ  -->
		<map iso="B03" to="\u{FB9}"/> <!-- C  base=ཀ  to= ྐྵ  -->
		<map iso="B04" to="༶"/> <!-- V  base=ཁ -->
		<map iso="B05" to="\u{F82}"/> <!-- B  base=པ  to= ྂ  -->
		<map iso="B06" to="\u{F9E}"/> <!-- N  base=ན  to= ྞ  -->
		<map iso="B07" to="དྷ"/> <!-- M -->
		<map iso="B08" to="\u{F9B}"/> <!-- ,  base=ཐ  to= ྛ  -->
		<map iso="B09" to="ྋ"/> <!-- .  base=ཇ -->
		<map iso="B10" to="ྊ"/> <!-- /  base=ཉ -->
		<map iso="A03" to=" "/> <!-- space -->
	</keyMap>
	<transforms type="simple">
		<transform from="m་" to="\u{F84}"/> <!-- m་ → ྄ -->
		<transform from="m།" to="༎"/>
		<transform from="m༠" to="༈"/>
		<transform from="m༡" to="༄"/>
		<transform from="m༢" to="༅"/>
		<transform from="m༣" to="\u{F7E}"/> <!-- m༣ → ཾ -->
		<transform from="m༤" to="\u{F83}"/> <!-- m༤ → ྃ -->
		<transform from="m༥" to="\u{F37}"/> <!-- m༥ → ༷ -->
		<transform from="m༦" to="\u{F35}"/> <!-- m༦ → ༵ -->
		<transform from="m༧" to="\u{F7F}"/> <!-- m༧ → ཿ -->
		<transform from="m༨" to="༔"/>
		<transform from="m༩" to="༑"/>
		<transform from="mm" to="྅"/>
		<transform from="Mm" to="\u{FA2}"/> <!-- Mm → ྡྷ -->
		<transform from="MM" to="\u{F39}"/> <!-- MM → ༹ -->
		<transform from="mཀ" to="\u{F90}"/> <!-- mཀ → ྐ -->
		<transform from="mཁ" to="\u{F91}"/> <!-- mཁ → ྑ -->
		<transform from="mག" to="\u{F92}"/> <!-- mག → ྒ -->
		<transform from="Mག" to="\u{F93}"/> <!-- Mག → ྒྷ -->
		<transform from="mང" to="\u{F94}"/> <!-- mང → ྔ -->
		<transform from="mཅ" to="\u{F95}"/> <!-- mཅ → ྕ -->
		<transform from="mཆ" to="\u{F96}"/> <!-- mཆ → ྖ -->
		<transform from="mཇ" to="\u{F97}"/> <!-- mཇ → ྗ -->
		<transform from="mཉ" to="\u{F99}"/> <!-- mཉ → ྙ -->
		<transform from="mཏ" to="\u{F9F}"/> <!-- mཏ → ྟ -->
		<transform from="Mཏ" to="\u{F9D}"/> <!-- Mཏ → ྜྷ -->
		<transform from="mཐ" to="\u{FA0}"/> <!-- mཐ → ྠ -->
		<transform from="mད" to="\u{FA1}"/> <!-- mད → ྡ -->
		<transform from="Mད" to="ཌྷ"/>
		<transform from="mན" to="\u{FA3}"/> <!-- mན → ྣ -->
		<transform from="mཔ" to="\u{FA4}"/> <!-- mཔ → ྤ -->
		<transform from="mཕ" to="\u{FA5}"/> <!-- mཕ → ྥ -->
		<transform from="mབ" to="\u{FA6}"/> <!-- mབ → ྦ -->
		<transform from="Mབ" to="\u{FA7}"/> <!-- Mབ → ྦྷ -->
		<transform from="mམ" to="\u{FA8}"/> <!-- mམ → ྨ -->
		<transform from="mཙ" to="\u{FA9}"/> <!-- mཙ → ྩ -->
		<transform from="mཚ" to="\u{FAA}"/> <!-- mཚ → ྪ -->
		<transform from="mཛ" to="\u{FAB}"/> <!-- mཛ → ྫ -->
		<transform from="Mཛ" to="\u{FAC}"/> <!-- Mཛ → ྫྷ -->
		<transform from="mཝ" to="\u{FBA}"/> <!-- mཝ → ྺ -->
		<transform from="mཞ" to="\u{FAE}"/> <!-- mཞ → ྮ -->
		<transform from="mཟ" to="\u{FAF}"/> <!-- mཟ → ྯ -->
		<transform from="mའ" to="\u{FB0}"/> <!-- mའ → ྰ -->
		<transform from="mཡ" to="\u{FB1}"/> <!-- mཡ → ྱ -->
		<transform from="mར" to="\u{FB2}"/> <!-- mར → ྲ -->
		<transform from="mལ" to="\u{FB3}"/> <!-- mལ → ླ -->
		<transform from="mཤ" to="\u{FB4}"/> <!-- mཤ → ྴ -->
		<transform from="mས" to="\u{FB6}"/> <!-- mས → ྶ -->
		<transform from="mཧ" to="\u{FB7}"/> <!-- mཧ → ྷ -->
		<transform from="mཨ" to="\u{FB8}"/> <!-- mཨ → ྸ -->
		<transform from="m\u{F72}" to="\u{F80}"/> <!-- mི → ྀ -->
		<transform from="m\u{F74}" to="\u{FAD}"/> <!-- mུ → ྭ -->
		<transform from="m\u{F7A}" to="\u{F7B}"/> <!-- mེ → ཻ -->
		<transform from="m\u{F7C}" to="\u{F7D}"/> <!-- mོ → ཽ -->
	</transforms>
</keyboard>
