<?xml version="1.0" encoding="UTF-8"?>
<!DOCTYPE keyboard SYSTEM "../dtd/ldmlKeyboard.dtd">
<keyboard locale="en-IN-t-k0-windows">
	<version platform="10" number="$Revision: 13265 $"/>
	<names>
		<name value="English (India)"/>
	</names>
	<settings fallback="omit" transformPartial="hide"/>
	<keyMap>
		<map iso="E00" to="`"/>
		<map iso="E01" to="1"/>
		<map iso="E02" to="2"/>
		<map iso="E03" to="3"/>
		<map iso="E04" to="4"/>
		<map iso="E05" to="5"/>
		<map iso="E06" to="6"/>
		<map iso="E07" to="7"/>
		<map iso="E08" to="8"/>
		<map iso="E09" to="9"/>
		<map iso="E10" to="0"/>
		<map iso="E11" to="-" transform="no"/>
		<map iso="E12" to="="/>
		<map iso="D01" to="q"/>
		<map iso="D02" to="w"/>
		<map iso="D03" to="e"/>
		<map iso="D04" to="r"/>
		<map iso="D05" to="t"/>
		<map iso="D06" to="y"/>
		<map iso="D07" to="u"/>
		<map iso="D08" to="i"/>
		<map iso="D09" to="o"/>
		<map iso="D10" to="p"/>
		<map iso="D11" to="["/>
		<map iso="D12" to="]"/>
		<map iso="C01" to="a"/>
		<map iso="C02" to="s"/>
		<map iso="C03" to="d"/>
		<map iso="C04" to="f"/>
		<map iso="C05" to="g"/>
		<map iso="C06" to="h"/>
		<map iso="C07" to="j"/>
		<map iso="C08" to="k"/>
		<map iso="C09" to="l"/>
		<map iso="C10" to=";"/>
		<map iso="C11" to="&apos;"/>
		<map iso="C12" to="\"/> <!-- (key to right of ') -->
		<map iso="B00" to="\"/> <!-- (key to left of Z) -->
		<map iso="B01" to="z"/>
		<map iso="B02" to="x"/>
		<map iso="B03" to="c"/>
		<map iso="B04" to="v"/>
		<map iso="B05" to="b"/>
		<map iso="B06" to="n"/>
		<map iso="B07" to="m"/>
		<map iso="B08" to="," transform="no"/>
		<map iso="B09" to="." transform="no"/>
		<map iso="B10" to="/"/>
		<map iso="A03" to=" "/> <!-- space -->
	</keyMap>
	<keyMap modifiers="shift">
		<map iso="E00" to="~" transform="no"/> <!-- ` -->
		<map iso="E01" to="!"/> <!-- 1 -->
		<map iso="E02" to="@"/> <!-- 2 -->
		<map iso="E03" to="#"/> <!-- 3 -->
		<map iso="E04" to="$"/> <!-- 4 -->
		<map iso="E05" to="%"/> <!-- 5 -->
		<map iso="E06" to="^"/> <!-- 6 -->
		<map iso="E07" to="&amp;"/> <!-- 7 -->
		<map iso="E08" to="*"/> <!-- 8 -->
		<map iso="E09" to="("/> <!-- 9 -->
		<map iso="E10" to=")"/> <!-- 0 -->
		<map iso="E11" to="_"/> <!-- - -->
		<map iso="E12" to="+"/> <!-- = -->
		<map iso="D01" to="Q"/>
		<map iso="D02" to="W"/>
		<map iso="D03" to="E"/>
		<map iso="D04" to="R"/>
		<map iso="D05" to="T"/>
		<map iso="D06" to="Y"/>
		<map iso="D07" to="U"/>
		<map iso="D08" to="I"/>
		<map iso="D09" to="O"/>
		<map iso="D10" to="P"/>
		<map iso="D11" to="{"/> <!-- [ -->
		<map iso="D12" to="}"/> <!-- ] -->
		<map iso="C01" to="A"/>
		<map iso="C02" to="S"/>
		<map iso="C03" to="D"/>
		<map iso="C04" to="F"/>
		<map iso="C05" to="G"/>
		<map iso="C06" to="H"/>
		<map iso="C07" to="J"/>
		<map iso="C08" to="K"/>
		<map iso="C09" to="L"/>
		<map iso="C10" to=":"/> <!-- ; -->
		<map iso="C11" to="\u{22}"/> <!-- '  to= "  -->
		<map iso="C12" to="|"/> <!-- (key to right of ')  base=\ -->
		<map iso="B00" to="|"/> <!-- (key to left of Z)  base=\ -->
		<map iso="B01" to="Z"/>
		<map iso="B02" to="X"/>
		<map iso="B03" to="C"/>
		<map iso="B04" to="V"/>
		<map iso="B05" to="B"/>
		<map iso="B06" to="N"/>
		<map iso="B07" to="M"/>
		<map iso="B08" to="&lt;" transform="no"/> <!-- , -->
		<map iso="B09" to="&gt;"/> <!-- . -->
		<map iso="B10" to="?"/> <!-- / -->
		<map iso="A03" to=" "/> <!-- space -->
	</keyMap>
	<keyMap modifiers="caps">
		<map iso="E00" to="`"/>
		<map iso="E01" to="1"/>
		<map iso="E02" to="2"/>
		<map iso="E03" to="3"/>
		<map iso="E04" to="4"/>
		<map iso="E05" to="5"/>
		<map iso="E06" to="6"/>
		<map iso="E07" to="7"/>
		<map iso="E08" to="8"/>
		<map iso="E09" to="9"/>
		<map iso="E10" to="0"/>
		<map iso="E11" to="-" transform="no"/>
		<map iso="E12" to="="/>
		<map iso="D01" to="Q"/>
		<map iso="D02" to="W"/>
		<map iso="D03" to="E"/>
		<map iso="D04" to="R"/>
		<map iso="D05" to="T"/>
		<map iso="D06" to="Y"/>
		<map iso="D07" to="U"/>
		<map iso="D08" to="I"/>
		<map iso="D09" to="O"/>
		<map iso="D10" to="P"/>
		<map iso="D11" to="["/>
		<map iso="D12" to="]"/>
		<map iso="C01" to="A"/>
		<map iso="C02" to="S"/>
		<map iso="C03" to="D"/>
		<map iso="C04" to="F"/>
		<map iso="C05" to="G"/>
		<map iso="C06" to="H"/>
		<map iso="C07" to="J"/>
		<map iso="C08" to="K"/>
		<map iso="C09" to="L"/>
		<map iso="C10" to=";"/>
		<map iso="C11" to="&apos;"/>
		<map iso="C12" to="\"/> <!-- (key to right of ') -->
		<map iso="B00" to="\"/> <!-- (key to left of Z) -->
		<map iso="B01" to="Z"/>
		<map iso="B02" to="X"/>
		<map iso="B03" to="C"/>
		<map iso="B04" to="V"/>
		<map iso="B05" to="B"/>
		<map iso="B06" to="N"/>
		<map iso="B07" to="M"/>
		<map iso="B08" to="," transform="no"/>
		<map iso="B09" to="." transform="no"/>
		<map iso="B10" to="/"/>
		<map iso="A03" to=" "/> <!-- space -->
	</keyMap>
	<keyMap modifiers="caps+shift">
		<map iso="E00" to="~" transform="no"/> <!-- ` -->
		<map iso="E01" to="!"/> <!-- 1 -->
		<map iso="E02" to="@"/> <!-- 2 -->
		<map iso="E03" to="#"/> <!-- 3 -->
		<map iso="E04" to="$"/> <!-- 4 -->
		<map iso="E05" to="%"/> <!-- 5 -->
		<map iso="E06" to="^"/> <!-- 6 -->
		<map iso="E07" to="&amp;"/> <!-- 7 -->
		<map iso="E08" to="*"/> <!-- 8 -->
		<map iso="E09" to="("/> <!-- 9 -->
		<map iso="E10" to=")"/> <!-- 0 -->
		<map iso="E11" to="_"/> <!-- - -->
		<map iso="E12" to="+"/> <!-- = -->
		<map iso="D01" to="q"/>
		<map iso="D02" to="w"/>
		<map iso="D03" to="e"/>
		<map iso="D04" to="r"/>
		<map iso="D05" to="t"/>
		<map iso="D06" to="y"/>
		<map iso="D07" to="u"/>
		<map iso="D08" to="i"/>
		<map iso="D09" to="o"/>
		<map iso="D10" to="p"/>
		<map iso="D11" to="{"/> <!-- [ -->
		<map iso="D12" to="}"/> <!-- ] -->
		<map iso="C01" to="a"/>
		<map iso="C02" to="s"/>
		<map iso="C03" to="d"/>
		<map iso="C04" to="f"/>
		<map iso="C05" to="g"/>
		<map iso="C06" to="h"/>
		<map iso="C07" to="j"/>
		<map iso="C08" to="k"/>
		<map iso="C09" to="l"/>
		<map iso="C10" to=":"/> <!-- ; -->
		<map iso="C11" to="\u{22}"/> <!-- '  to= "  -->
		<map iso="C12" to="|"/> <!-- (key to right of ')  base=\ -->
		<map iso="B00" to="|"/> <!-- (key to left of Z)  base=\ -->
		<map iso="B01" to="z"/>
		<map iso="B02" to="x"/>
		<map iso="B03" to="c"/>
		<map iso="B04" to="v"/>
		<map iso="B05" to="b"/>
		<map iso="B06" to="n"/>
		<map iso="B07" to="m"/>
		<map iso="B08" to="&lt;" transform="no"/> <!-- , -->
		<map iso="B09" to="&gt;"/> <!-- . -->
		<map iso="B10" to="?"/> <!-- / -->
		<map iso="A03" to=" "/> <!-- space -->
	</keyMap>
	<keyMap modifiers="altR+caps? ctrl+alt+caps?">
		<map iso="E04" to="₹"/> <!-- 4 -->
		<map iso="E11" to="-"/>
		<map iso="D01" to="æ"/> <!-- Q -->
		<map iso="D03" to="ē"/> <!-- E -->
		<map iso="D04" to="r\u{325}"/> <!-- R  to= r̥  -->
		<map iso="D05" to="ṭ"/> <!-- T -->
		<map iso="D06" to="ñ"/> <!-- Y -->
		<map iso="D07" to="ū"/> <!-- U -->
		<map iso="D08" to="ī"/> <!-- I -->
		<map iso="D09" to="ō"/> <!-- O -->
		<map iso="C01" to="ā"/> <!-- A -->
		<map iso="C02" to="ś"/> <!-- S -->
		<map iso="C03" to="ḍ"/> <!-- D -->
		<map iso="C05" to="ṅ"/> <!-- G -->
		<map iso="C06" to="ḥ"/> <!-- H -->
		<map iso="C09" to="l\u{325}"/> <!-- L  to= l̥  -->
		<map iso="B02" to="ṣ"/> <!-- X -->
		<map iso="B06" to="ṇ"/> <!-- N -->
		<map iso="B07" to="ṁ"/> <!-- M -->
		<map iso="B08" to=","/>
		<map iso="B09" to="."/>
	</keyMap>
	<keyMap modifiers="altR+shift+caps? ctrl+alt+shift+caps?">
		<map iso="E00" to="~"/> <!-- ` -->
		<map iso="E06" to="ˆ"/> <!-- 6 -->
		<map iso="E09" to="˘"/> <!-- 9 -->
		<map iso="E11" to="ˍ"/> <!-- - -->
		<map iso="D01" to="Æ"/> <!-- Q -->
		<map iso="D03" to="Ē"/> <!-- E -->
		<map iso="D04" to="R\u{325}"/> <!-- R  to= R̥  -->
		<map iso="D05" to="Ṭ"/> <!-- T -->
		<map iso="D06" to="Ñ"/> <!-- Y -->
		<map iso="D07" to="Ū"/> <!-- U -->
		<map iso="D08" to="Ī"/> <!-- I -->
		<map iso="D09" to="Ō"/> <!-- O -->
		<map iso="C01" to="Ā"/> <!-- A -->
		<map iso="C02" to="Ś"/> <!-- S -->
		<map iso="C03" to="Ḍ"/> <!-- D -->
		<map iso="C05" to="Ṅ"/> <!-- G -->
		<map iso="C06" to="Ḥ"/> <!-- H -->
		<map iso="C09" to="L\u{325}"/> <!-- L  to= L̥  -->
		<map iso="B02" to="Ṣ"/> <!-- X -->
		<map iso="B06" to="Ṇ"/> <!-- N -->
		<map iso="B07" to="Ṁ"/> <!-- M -->
		<map iso="B08" to="&lt;"/> <!-- , -->
	</keyMap>
	<keyMap modifiers="ctrl+caps?">
		<map iso="D11" to="\u{1B}"/> <!-- [ -->
		<map iso="D12" to="\u{1D}"/> <!-- ] -->
		<map iso="C12" to="\u{1C}"/> <!-- (key to right of ')  base=\ -->
		<map iso="B00" to="\u{1C}"/> <!-- (key to left of Z)  base=\ -->
	</keyMap>
	<keyMap modifiers="ctrl+shift+caps?">
		<map iso="E04" to="₹"/> <!-- 4 -->
	</keyMap>
	<transforms type="simple">
		<transform from="- " to="-"/>
		<transform from="-a" to="ā"/>
		<transform from="-A" to="Ā"/>
		<transform from="-e" to="ē"/>
		<transform from="-E" to="Ē"/>
		<transform from="-i" to="ī"/>
		<transform from="-I" to="Ī"/>
		<transform from="-o" to="ō"/>
		<transform from="-O" to="Ō"/>
		<transform from="-u" to="ū"/>
		<transform from="-U" to="Ū"/>
		<transform from=", " to=","/>
		<transform from=",_" to="\u{331}"/> <!-- ,_ → ̱ -->
		<transform from=",-" to="\u{304}"/> <!-- ,- → ̄ -->
		<transform from=",:" to="\u{324}"/> <!-- ,: → ̤ -->
		<transform from=",." to="\u{323}"/> <!-- ,. → ̣ -->
		<transform from=",'" to="\u{301}"/> <!-- ,' → ́ -->
		<transform from=",(" to="\u{306}"/> <!-- ,( → ̆ -->
		<transform from=",*" to="\u{310}"/> <!-- ,* → ̐ -->
		<transform from=",`" to="\u{300}"/> <!-- ,` → ̀ -->
		<transform from=",^" to="\u{302}"/> <!-- ,^ → ̂ -->
		<transform from=",&gt;" to="\u{307}"/> <!-- ,> → ̇ -->
		<transform from=",|" to="\u{332}"/> <!-- ,| → ̲ -->
		<transform from=",~" to="\u{303}"/> <!-- ,~ → ̃ -->
		<transform from=",9" to="\u{32E}"/> <!-- ,9 → ̮ -->
		<transform from=",o" to="\u{325}"/> <!-- ,o → ̥ -->
		<transform from=". " to="."/>
		<transform from=".d" to="ḍ"/>
		<transform from=".D" to="Ḍ"/>
		<transform from=".h" to="ḥ"/>
		<transform from=".H" to="Ḥ"/>
		<transform from=".l" to="ḷ"/>
		<transform from=".L" to="Ḷ"/>
		<transform from=".m" to="ṃ"/>
		<transform from=".M" to="Ṃ"/>
		<transform from=".n" to="ṇ"/>
		<transform from=".N" to="Ṇ"/>
		<transform from=".r" to="ṛ"/>
		<transform from=".R" to="Ṛ"/>
		<transform from=".s" to="ṣ"/>
		<transform from=".S" to="Ṣ"/>
		<transform from=".t" to="ṭ"/>
		<transform from=".T" to="Ṭ"/>
		<transform from="˘ " to="("/>
		<transform from="˘e" to="ĕ"/>
		<transform from="˘E" to="Ĕ"/>
		<transform from="˘h" to="ḫ"/>
		<transform from="˘H" to="Ḫ"/>
		<transform from="˘o" to="ŏ"/>
		<transform from="˘O" to="Ŏ"/>
		<transform from="˘u" to="ŭ"/>
		<transform from="˘U" to="Ŭ"/>
		<transform from="ˆ " to="^"/>
		<transform from="ˆe" to="ê"/>
		<transform from="ˆE" to="Ê"/>
		<transform from="ˆo" to="ô"/>
		<transform from="ˆO" to="Ô"/>
		<transform from="ˍ " to="_"/>
		<transform from="ˍd" to="ḏ"/>
		<transform from="ˍD" to="Ḏ"/>
		<transform from="ˍh" to="ẖ"/>
		<transform from="ˍk" to="ḵ"/>
		<transform from="ˍK" to="Ḵ"/>
		<transform from="ˍl" to="ḻ"/>
		<transform from="ˍL" to="Ḻ"/>
		<transform from="ˍn" to="ṉ"/>
		<transform from="ˍN" to="Ṉ"/>
		<transform from="ˍr" to="ṟ"/>
		<transform from="ˍR" to="Ṟ"/>
		<transform from="ˍt" to="ṯ"/>
		<transform from="ˍT" to="Ṯ"/>
		<transform from="&lt; " to="&lt;"/>
		<transform from="&lt;z" to="ž"/>
		<transform from="&lt;Z" to="Ž"/>
		<transform from="~ " to="~"/>
		<transform from="~n" to="ñ"/>
		<transform from="~N" to="Ñ"/>
	</transforms>
</keyboard>
