<?xml version="1.0" encoding="UTF-8"?>
<!DOCTYPE keyboard SYSTEM "../dtd/ldmlKeyboard.dtd">
<keyboard locale="en-t-k0-windows-extended">
	<version platform="10" number="$Revision: 13265 $"/>
	<names>
		<name value="United States-International"/>
	</names>
	<settings fallback="omit" transformPartial="hide"/>
	<keyMap>
		<map iso="E00" to="`"/>
		<map iso="E01" to="1"/>
		<map iso="E02" to="2"/>
		<map iso="E03" to="3"/>
		<map iso="E04" to="4"/>
		<map iso="E05" to="5"/>
		<map iso="E06" to="6"/>
		<map iso="E07" to="7"/>
		<map iso="E08" to="8"/>
		<map iso="E09" to="9"/>
		<map iso="E10" to="0"/>
		<map iso="E11" to="-"/>
		<map iso="E12" to="="/>
		<map iso="D01" to="q"/>
		<map iso="D02" to="w"/>
		<map iso="D03" to="e"/>
		<map iso="D04" to="r"/>
		<map iso="D05" to="t"/>
		<map iso="D06" to="y"/>
		<map iso="D07" to="u"/>
		<map iso="D08" to="i"/>
		<map iso="D09" to="o"/>
		<map iso="D10" to="p"/>
		<map iso="D11" to="["/>
		<map iso="D12" to="]"/>
		<map iso="C01" to="a"/>
		<map iso="C02" to="s"/>
		<map iso="C03" to="d"/>
		<map iso="C04" to="f"/>
		<map iso="C05" to="g"/>
		<map iso="C06" to="h"/>
		<map iso="C07" to="j"/>
		<map iso="C08" to="k"/>
		<map iso="C09" to="l"/>
		<map iso="C10" to=";"/>
		<map iso="C11" to="&apos;"/>
		<map iso="C12" to="\"/> <!-- (key to right of ') -->
		<map iso="B00" to="\"/> <!-- (key to left of Z) -->
		<map iso="B01" to="z"/>
		<map iso="B02" to="x"/>
		<map iso="B03" to="c"/>
		<map iso="B04" to="v"/>
		<map iso="B05" to="b"/>
		<map iso="B06" to="n"/>
		<map iso="B07" to="m"/>
		<map iso="B08" to=","/>
		<map iso="B09" to="."/>
		<map iso="B10" to="/"/>
		<map iso="A03" to=" "/> <!-- space -->
	</keyMap>
	<keyMap modifiers="shift">
		<map iso="E00" to="~"/> <!-- ` -->
		<map iso="E01" to="!"/> <!-- 1 -->
		<map iso="E02" to="@"/> <!-- 2 -->
		<map iso="E03" to="#"/> <!-- 3 -->
		<map iso="E04" to="$"/> <!-- 4 -->
		<map iso="E05" to="%"/> <!-- 5 -->
		<map iso="E06" to="^"/> <!-- 6 -->
		<map iso="E07" to="&amp;"/> <!-- 7 -->
		<map iso="E08" to="*"/> <!-- 8 -->
		<map iso="E09" to="("/> <!-- 9 -->
		<map iso="E10" to=")"/> <!-- 0 -->
		<map iso="E11" to="_"/> <!-- - -->
		<map iso="E12" to="+"/> <!-- = -->
		<map iso="D01" to="Q"/>
		<map iso="D02" to="W"/>
		<map iso="D03" to="E"/>
		<map iso="D04" to="R"/>
		<map iso="D05" to="T"/>
		<map iso="D06" to="Y"/>
		<map iso="D07" to="U"/>
		<map iso="D08" to="I"/>
		<map iso="D09" to="O"/>
		<map iso="D10" to="P"/>
		<map iso="D11" to="{"/> <!-- [ -->
		<map iso="D12" to="}"/> <!-- ] -->
		<map iso="C01" to="A"/>
		<map iso="C02" to="S"/>
		<map iso="C03" to="D"/>
		<map iso="C04" to="F"/>
		<map iso="C05" to="G"/>
		<map iso="C06" to="H"/>
		<map iso="C07" to="J"/>
		<map iso="C08" to="K"/>
		<map iso="C09" to="L"/>
		<map iso="C10" to=":"/> <!-- ; -->
		<map iso="C11" to="\u{22}"/> <!-- '  to= "  -->
		<map iso="C12" to="|"/> <!-- (key to right of ')  base=\ -->
		<map iso="B00" to="|"/> <!-- (key to left of Z)  base=\ -->
		<map iso="B01" to="Z"/>
		<map iso="B02" to="X"/>
		<map iso="B03" to="C"/>
		<map iso="B04" to="V"/>
		<map iso="B05" to="B"/>
		<map iso="B06" to="N"/>
		<map iso="B07" to="M"/>
		<map iso="B08" to="&lt;"/> <!-- , -->
		<map iso="B09" to="&gt;"/> <!-- . -->
		<map iso="B10" to="?"/> <!-- / -->
		<map iso="A03" to=" "/> <!-- space -->
	</keyMap>
	<keyMap modifiers="caps">
		<map iso="E00" to="`"/>
		<map iso="E01" to="1"/>
		<map iso="E02" to="2"/>
		<map iso="E03" to="3"/>
		<map iso="E04" to="4"/>
		<map iso="E05" to="5"/>
		<map iso="E06" to="6"/>
		<map iso="E07" to="7"/>
		<map iso="E08" to="8"/>
		<map iso="E09" to="9"/>
		<map iso="E10" to="0"/>
		<map iso="E11" to="-"/>
		<map iso="E12" to="="/>
		<map iso="D01" to="Q"/>
		<map iso="D02" to="W"/>
		<map iso="D03" to="E"/>
		<map iso="D04" to="R"/>
		<map iso="D05" to="T"/>
		<map iso="D06" to="Y"/>
		<map iso="D07" to="U"/>
		<map iso="D08" to="I"/>
		<map iso="D09" to="O"/>
		<map iso="D10" to="P"/>
		<map iso="D11" to="["/>
		<map iso="D12" to="]"/>
		<map iso="C01" to="A"/>
		<map iso="C02" to="S"/>
		<map iso="C03" to="D"/>
		<map iso="C04" to="F"/>
		<map iso="C05" to="G"/>
		<map iso="C06" to="H"/>
		<map iso="C07" to="J"/>
		<map iso="C08" to="K"/>
		<map iso="C09" to="L"/>
		<map iso="C10" to=";"/>
		<map iso="C11" to="&apos;"/>
		<map iso="C12" to="\"/> <!-- (key to right of ') -->
		<map iso="B00" to="\"/> <!-- (key to left of Z) -->
		<map iso="B01" to="Z"/>
		<map iso="B02" to="X"/>
		<map iso="B03" to="C"/>
		<map iso="B04" to="V"/>
		<map iso="B05" to="B"/>
		<map iso="B06" to="N"/>
		<map iso="B07" to="M"/>
		<map iso="B08" to="&lt;"/> <!-- , -->
		<map iso="B09" to="."/>
		<map iso="B10" to="/"/>
		<map iso="A03" to=" "/> <!-- space -->
	</keyMap>
	<keyMap modifiers="caps+shift">
		<map iso="E00" to="~"/> <!-- ` -->
		<map iso="E01" to="!"/> <!-- 1 -->
		<map iso="E02" to="@"/> <!-- 2 -->
		<map iso="E03" to="#"/> <!-- 3 -->
		<map iso="E04" to="$"/> <!-- 4 -->
		<map iso="E05" to="%"/> <!-- 5 -->
		<map iso="E06" to="^"/> <!-- 6 -->
		<map iso="E07" to="&amp;"/> <!-- 7 -->
		<map iso="E08" to="*"/> <!-- 8 -->
		<map iso="E09" to="("/> <!-- 9 -->
		<map iso="E10" to=")"/> <!-- 0 -->
		<map iso="E11" to="_"/> <!-- - -->
		<map iso="E12" to="+"/> <!-- = -->
		<map iso="D01" to="q"/>
		<map iso="D02" to="w"/>
		<map iso="D03" to="e"/>
		<map iso="D04" to="r"/>
		<map iso="D05" to="t"/>
		<map iso="D06" to="y"/>
		<map iso="D07" to="u"/>
		<map iso="D08" to="i"/>
		<map iso="D09" to="o"/>
		<map iso="D10" to="p"/>
		<map iso="D11" to="{"/> <!-- [ -->
		<map iso="D12" to="}"/> <!-- ] -->
		<map iso="C01" to="a"/>
		<map iso="C02" to="s"/>
		<map iso="C03" to="d"/>
		<map iso="C04" to="f"/>
		<map iso="C05" to="g"/>
		<map iso="C06" to="h"/>
		<map iso="C07" to="j"/>
		<map iso="C08" to="k"/>
		<map iso="C09" to="l"/>
		<map iso="C10" to=":"/> <!-- ; -->
		<map iso="C11" to="\u{22}"/> <!-- '  to= "  -->
		<map iso="C12" to="|"/> <!-- (key to right of ')  base=\ -->
		<map iso="B00" to="|"/> <!-- (key to left of Z)  base=\ -->
		<map iso="B01" to="z"/>
		<map iso="B02" to="x"/>
		<map iso="B03" to="c"/>
		<map iso="B04" to="v"/>
		<map iso="B05" to="b"/>
		<map iso="B06" to="n"/>
		<map iso="B07" to="m"/>
		<map iso="B08" to=","/>
		<map iso="B09" to="&gt;"/> <!-- . -->
		<map iso="B10" to="?"/> <!-- / -->
		<map iso="A03" to=" "/> <!-- space -->
	</keyMap>
	<keyMap modifiers="altR+caps? ctrl+alt+caps?">
		<map iso="E01" to="¡"/> <!-- 1 -->
		<map iso="E02" to="²"/> <!-- 2 -->
		<map iso="E03" to="³"/> <!-- 3 -->
		<map iso="E04" to="¤"/> <!-- 4 -->
		<map iso="E05" to="€"/> <!-- 5 -->
		<map iso="E06" to="¼"/> <!-- 6 -->
		<map iso="E07" to="½"/> <!-- 7 -->
		<map iso="E08" to="¾"/> <!-- 8 -->
		<map iso="E09" to="‘"/> <!-- 9 -->
		<map iso="E10" to="’"/> <!-- 0 -->
		<map iso="E11" to="¥"/> <!-- - -->
		<map iso="E12" to="×"/> <!-- = -->
		<map iso="D01" to="ä"/> <!-- Q -->
		<map iso="D02" to="å"/> <!-- W -->
		<map iso="D03" to="é"/> <!-- E -->
		<map iso="D04" to="®"/> <!-- R -->
		<map iso="D05" to="þ"/> <!-- T -->
		<map iso="D06" to="ü"/> <!-- Y -->
		<map iso="D07" to="ú"/> <!-- U -->
		<map iso="D08" to="í"/> <!-- I -->
		<map iso="D09" to="ó"/> <!-- O -->
		<map iso="D10" to="ö"/> <!-- P -->
		<map iso="D11" to="«"/> <!-- [ -->
		<map iso="D12" to="»"/> <!-- ] -->
		<map iso="C01" to="á"/> <!-- A -->
		<map iso="C02" to="ß"/> <!-- S -->
		<map iso="C03" to="ð"/> <!-- D -->
		<map iso="C09" to="ø"/> <!-- L -->
		<map iso="C10" to="¶"/> <!-- ; -->
		<map iso="C11" to="´"/> <!-- ' -->
		<map iso="C12" to="¬"/> <!-- (key to right of ')  base=\ -->
		<map iso="B01" to="æ"/> <!-- Z -->
		<map iso="B03" to="©"/> <!-- C -->
		<map iso="B06" to="ñ"/> <!-- N -->
		<map iso="B07" to="µ"/> <!-- M -->
		<map iso="B08" to="ç"/> <!-- , -->
		<map iso="B10" to="¿"/> <!-- / -->
	</keyMap>
	<keyMap modifiers="altR+shift+caps? ctrl+alt+shift+caps?">
		<map iso="E01" to="¹"/> <!-- 1 -->
		<map iso="E04" to="£"/> <!-- 4 -->
		<map iso="E12" to="÷"/> <!-- = -->
		<map iso="D01" to="Ä"/> <!-- Q -->
		<map iso="D02" to="Å"/> <!-- W -->
		<map iso="D03" to="É"/> <!-- E -->
		<map iso="D05" to="Þ"/> <!-- T -->
		<map iso="D06" to="Ü"/> <!-- Y -->
		<map iso="D07" to="Ú"/> <!-- U -->
		<map iso="D08" to="Í"/> <!-- I -->
		<map iso="D09" to="Ó"/> <!-- O -->
		<map iso="D10" to="Ö"/> <!-- P -->
		<map iso="C01" to="Á"/> <!-- A -->
		<map iso="C02" to="§"/> <!-- S -->
		<map iso="C03" to="Ð"/> <!-- D -->
		<map iso="C09" to="Ø"/> <!-- L -->
		<map iso="C10" to="°"/> <!-- ; -->
		<map iso="C11" to="¨"/> <!-- ' -->
		<map iso="C12" to="¦"/> <!-- (key to right of ')  base=\ -->
		<map iso="B01" to="Æ"/> <!-- Z -->
		<map iso="B03" to="¢"/> <!-- C -->
		<map iso="B06" to="Ñ"/> <!-- N -->
		<map iso="B08" to="Ç"/> <!-- , -->
	</keyMap>
	<keyMap modifiers="ctrl+caps?">
		<map iso="D11" to="\u{1B}"/> <!-- [ -->
		<map iso="D12" to="\u{1D}"/> <!-- ] -->
		<map iso="C12" to="\u{1C}"/> <!-- (key to right of ')  base=\ -->
		<map iso="B00" to="\u{1C}"/> <!-- (key to left of Z)  base=\ -->
		<map iso="A03" to=" "/> <!-- space -->
	</keyMap>
	<transforms type="simple">
		<transform from="&apos; " to="&apos;"/>
		<transform from="&apos;a" to="á"/>
		<transform from="&apos;A" to="Á"/>
		<transform from="&apos;c" to="ç"/>
		<transform from="&apos;C" to="Ç"/>
		<transform from="&apos;e" to="é"/>
		<transform from="&apos;E" to="É"/>
		<transform from="&apos;i" to="í"/>
		<transform from="&apos;I" to="Í"/>
		<transform from="&apos;o" to="ó"/>
		<transform from="&apos;O" to="Ó"/>
		<transform from="&apos;u" to="ú"/>
		<transform from="&apos;U" to="Ú"/>
		<transform from="&apos;y" to="ý"/>
		<transform from="&apos;Y" to="Ý"/>
		<transform from="\u{22} " to="\u{22}"/>
		<transform from="\u{22}a" to="ä"/> <!-- "a → ä -->
		<transform from="\u{22}A" to="Ä"/> <!-- "A → Ä -->
		<transform from="\u{22}e" to="ë"/> <!-- "e → ë -->
		<transform from="\u{22}E" to="Ë"/> <!-- "E → Ë -->
		<transform from="\u{22}i" to="ï"/> <!-- "i → ï -->
		<transform from="\u{22}I" to="Ï"/> <!-- "I → Ï -->
		<transform from="\u{22}o" to="ö"/> <!-- "o → ö -->
		<transform from="\u{22}O" to="Ö"/> <!-- "O → Ö -->
		<transform from="\u{22}u" to="ü"/> <!-- "u → ü -->
		<transform from="\u{22}U" to="Ü"/> <!-- "U → Ü -->
		<transform from="\u{22}y" to="ÿ"/> <!-- "y → ÿ -->
		<transform from="` " to="`"/>
		<transform from="`a" to="à"/>
		<transform from="`A" to="À"/>
		<transform from="`e" to="è"/>
		<transform from="`E" to="È"/>
		<transform from="`i" to="ì"/>
		<transform from="`I" to="Ì"/>
		<transform from="`o" to="ò"/>
		<transform from="`O" to="Ò"/>
		<transform from="`u" to="ù"/>
		<transform from="`U" to="Ù"/>
		<transform from="^ " to="^"/>
		<transform from="^a" to="â"/>
		<transform from="^A" to="Â"/>
		<transform from="^e" to="ê"/>
		<transform from="^E" to="Ê"/>
		<transform from="^i" to="î"/>
		<transform from="^I" to="Î"/>
		<transform from="^o" to="ô"/>
		<transform from="^O" to="Ô"/>
		<transform from="^u" to="û"/>
		<transform from="^U" to="Û"/>
		<transform from="~ " to="~"/>
		<transform from="~a" to="ã"/>
		<transform from="~A" to="Ã"/>
		<transform from="~n" to="ñ"/>
		<transform from="~N" to="Ñ"/>
		<transform from="~o" to="õ"/>
		<transform from="~O" to="Õ"/>
	</transforms>
</keyboard>
