<?xml version="1.0" encoding="UTF-8"?>
<!DOCTYPE keyboard SYSTEM "../dtd/ldmlKeyboard.dtd">
<keyboard locale="en-t-k0-windows-dvorak">
	<version platform="10" number="$Revision: 13265 $"/>
	<names>
		<name value="United States-Dvorak"/>
	</names>
	<settings fallback="omit"/>
	<keyMap>
		<map iso="E00" to="`"/>
		<map iso="E01" to="1"/>
		<map iso="E02" to="2"/>
		<map iso="E03" to="3"/>
		<map iso="E04" to="4"/>
		<map iso="E05" to="5"/>
		<map iso="E06" to="6"/>
		<map iso="E07" to="7"/>
		<map iso="E08" to="8"/>
		<map iso="E09" to="9"/>
		<map iso="E10" to="0"/>
		<map iso="E11" to="["/> <!-- - -->
		<map iso="E12" to="]"/> <!-- = -->
		<map iso="D01" to="&apos;"/> <!-- Q -->
		<map iso="D02" to=","/> <!-- W -->
		<map iso="D03" to="."/> <!-- E -->
		<map iso="D04" to="p"/> <!-- R -->
		<map iso="D05" to="y"/> <!-- T -->
		<map iso="D06" to="f"/> <!-- Y -->
		<map iso="D07" to="g"/> <!-- U -->
		<map iso="D08" to="c"/> <!-- I -->
		<map iso="D09" to="r"/> <!-- O -->
		<map iso="D10" to="l"/> <!-- P -->
		<map iso="D11" to="/"/> <!-- [ -->
		<map iso="D12" to="="/> <!-- ] -->
		<map iso="C01" to="a"/>
		<map iso="C02" to="o"/> <!-- S -->
		<map iso="C03" to="e"/> <!-- D -->
		<map iso="C04" to="u"/> <!-- F -->
		<map iso="C05" to="i"/> <!-- G -->
		<map iso="C06" to="d"/> <!-- H -->
		<map iso="C07" to="h"/> <!-- J -->
		<map iso="C08" to="t"/> <!-- K -->
		<map iso="C09" to="n"/> <!-- L -->
		<map iso="C10" to="s"/> <!-- ; -->
		<map iso="C11" to="-"/> <!-- ' -->
		<map iso="C12" to="\"/> <!-- (key to right of ') -->
		<map iso="B00" to="\"/> <!-- (key to left of Z) -->
		<map iso="B01" to=";"/> <!-- Z -->
		<map iso="B02" to="q"/> <!-- X -->
		<map iso="B03" to="j"/> <!-- C -->
		<map iso="B04" to="k"/> <!-- V -->
		<map iso="B05" to="x"/> <!-- B -->
		<map iso="B06" to="b"/> <!-- N -->
		<map iso="B07" to="m"/>
		<map iso="B08" to="w"/> <!-- , -->
		<map iso="B09" to="v"/> <!-- . -->
		<map iso="B10" to="z"/> <!-- / -->
		<map iso="A03" to=" "/> <!-- space -->
	</keyMap>
	<keyMap modifiers="shift">
		<map iso="E00" to="~"/> <!-- ` -->
		<map iso="E01" to="!"/> <!-- 1 -->
		<map iso="E02" to="@"/> <!-- 2 -->
		<map iso="E03" to="#"/> <!-- 3 -->
		<map iso="E04" to="$"/> <!-- 4 -->
		<map iso="E05" to="%"/> <!-- 5 -->
		<map iso="E06" to="^"/> <!-- 6 -->
		<map iso="E07" to="&amp;"/> <!-- 7 -->
		<map iso="E08" to="*"/> <!-- 8 -->
		<map iso="E09" to="("/> <!-- 9 -->
		<map iso="E10" to=")"/> <!-- 0 -->
		<map iso="E11" to="{"/> <!-- -  base=[ -->
		<map iso="E12" to="}"/> <!-- =  base=] -->
		<map iso="D01" to="\u{22}"/> <!-- Q  base='  to= "  -->
		<map iso="D02" to="&lt;"/> <!-- W  base=, -->
		<map iso="D03" to="&gt;"/> <!-- E  base=. -->
		<map iso="D04" to="P"/> <!-- R -->
		<map iso="D05" to="Y"/> <!-- T -->
		<map iso="D06" to="F"/> <!-- Y -->
		<map iso="D07" to="G"/> <!-- U -->
		<map iso="D08" to="C"/> <!-- I -->
		<map iso="D09" to="R"/> <!-- O -->
		<map iso="D10" to="L"/> <!-- P -->
		<map iso="D11" to="?"/> <!-- [  base=/ -->
		<map iso="D12" to="+"/> <!-- ]  base== -->
		<map iso="C01" to="A"/>
		<map iso="C02" to="O"/> <!-- S -->
		<map iso="C03" to="E"/> <!-- D -->
		<map iso="C04" to="U"/> <!-- F -->
		<map iso="C05" to="I"/> <!-- G -->
		<map iso="C06" to="D"/> <!-- H -->
		<map iso="C07" to="H"/> <!-- J -->
		<map iso="C08" to="T"/> <!-- K -->
		<map iso="C09" to="N"/> <!-- L -->
		<map iso="C10" to="S"/> <!-- ; -->
		<map iso="C11" to="_"/> <!-- '  base=- -->
		<map iso="C12" to="|"/> <!-- (key to right of ')  base=\ -->
		<map iso="B00" to="|"/> <!-- (key to left of Z)  base=\ -->
		<map iso="B01" to=":"/> <!-- Z  base=; -->
		<map iso="B02" to="Q"/> <!-- X -->
		<map iso="B03" to="J"/> <!-- C -->
		<map iso="B04" to="K"/> <!-- V -->
		<map iso="B05" to="X"/> <!-- B -->
		<map iso="B06" to="B"/> <!-- N -->
		<map iso="B07" to="M"/>
		<map iso="B08" to="W"/> <!-- , -->
		<map iso="B09" to="V"/> <!-- . -->
		<map iso="B10" to="Z"/> <!-- / -->
		<map iso="A03" to=" "/> <!-- space -->
	</keyMap>
	<keyMap modifiers="caps">
		<map iso="E00" to="`"/>
		<map iso="E01" to="1"/>
		<map iso="E02" to="2"/>
		<map iso="E03" to="3"/>
		<map iso="E04" to="4"/>
		<map iso="E05" to="5"/>
		<map iso="E06" to="6"/>
		<map iso="E07" to="7"/>
		<map iso="E08" to="8"/>
		<map iso="E09" to="9"/>
		<map iso="E10" to="0"/>
		<map iso="E11" to="["/> <!-- - -->
		<map iso="E12" to="]"/> <!-- = -->
		<map iso="D01" to="&apos;"/> <!-- Q -->
		<map iso="D02" to=","/> <!-- W -->
		<map iso="D03" to="."/> <!-- E -->
		<map iso="D04" to="P"/> <!-- R -->
		<map iso="D05" to="Y"/> <!-- T -->
		<map iso="D06" to="F"/> <!-- Y -->
		<map iso="D07" to="G"/> <!-- U -->
		<map iso="D08" to="C"/> <!-- I -->
		<map iso="D09" to="R"/> <!-- O -->
		<map iso="D10" to="L"/> <!-- P -->
		<map iso="D11" to="/"/> <!-- [ -->
		<map iso="D12" to="="/> <!-- ] -->
		<map iso="C01" to="A"/>
		<map iso="C02" to="O"/> <!-- S -->
		<map iso="C03" to="E"/> <!-- D -->
		<map iso="C04" to="U"/> <!-- F -->
		<map iso="C05" to="I"/> <!-- G -->
		<map iso="C06" to="D"/> <!-- H -->
		<map iso="C07" to="H"/> <!-- J -->
		<map iso="C08" to="T"/> <!-- K -->
		<map iso="C09" to="N"/> <!-- L -->
		<map iso="C10" to="S"/> <!-- ; -->
		<map iso="C11" to="-"/> <!-- ' -->
		<map iso="C12" to="\"/> <!-- (key to right of ') -->
		<map iso="B00" to="\"/> <!-- (key to left of Z) -->
		<map iso="B01" to=";"/> <!-- Z -->
		<map iso="B02" to="Q"/> <!-- X -->
		<map iso="B03" to="J"/> <!-- C -->
		<map iso="B04" to="K"/> <!-- V -->
		<map iso="B05" to="X"/> <!-- B -->
		<map iso="B06" to="B"/> <!-- N -->
		<map iso="B07" to="M"/>
		<map iso="B08" to="W"/> <!-- , -->
		<map iso="B09" to="V"/> <!-- . -->
		<map iso="B10" to="Z"/> <!-- / -->
		<map iso="A03" to=" "/> <!-- space -->
	</keyMap>
	<keyMap modifiers="caps+shift">
		<map iso="E00" to="~"/> <!-- ` -->
		<map iso="E01" to="!"/> <!-- 1 -->
		<map iso="E02" to="@"/> <!-- 2 -->
		<map iso="E03" to="#"/> <!-- 3 -->
		<map iso="E04" to="$"/> <!-- 4 -->
		<map iso="E05" to="%"/> <!-- 5 -->
		<map iso="E06" to="^"/> <!-- 6 -->
		<map iso="E07" to="&amp;"/> <!-- 7 -->
		<map iso="E08" to="*"/> <!-- 8 -->
		<map iso="E09" to="("/> <!-- 9 -->
		<map iso="E10" to=")"/> <!-- 0 -->
		<map iso="E11" to="{"/> <!-- -  base=[ -->
		<map iso="E12" to="}"/> <!-- =  base=] -->
		<map iso="D01" to="\u{22}"/> <!-- Q  base='  to= "  -->
		<map iso="D02" to="&lt;"/> <!-- W  base=, -->
		<map iso="D03" to="&gt;"/> <!-- E  base=. -->
		<map iso="D04" to="p"/> <!-- R -->
		<map iso="D05" to="y"/> <!-- T -->
		<map iso="D06" to="f"/> <!-- Y -->
		<map iso="D07" to="g"/> <!-- U -->
		<map iso="D08" to="c"/> <!-- I -->
		<map iso="D09" to="r"/> <!-- O -->
		<map iso="D10" to="l"/> <!-- P -->
		<map iso="D11" to="?"/> <!-- [  base=/ -->
		<map iso="D12" to="+"/> <!-- ]  base== -->
		<map iso="C01" to="a"/>
		<map iso="C02" to="o"/> <!-- S -->
		<map iso="C03" to="e"/> <!-- D -->
		<map iso="C04" to="u"/> <!-- F -->
		<map iso="C05" to="i"/> <!-- G -->
		<map iso="C06" to="d"/> <!-- H -->
		<map iso="C07" to="h"/> <!-- J -->
		<map iso="C08" to="t"/> <!-- K -->
		<map iso="C09" to="n"/> <!-- L -->
		<map iso="C10" to="s"/> <!-- ; -->
		<map iso="C11" to="_"/> <!-- '  base=- -->
		<map iso="C12" to="|"/> <!-- (key to right of ')  base=\ -->
		<map iso="B00" to="|"/> <!-- (key to left of Z)  base=\ -->
		<map iso="B01" to=":"/> <!-- Z  base=; -->
		<map iso="B02" to="q"/> <!-- X -->
		<map iso="B03" to="j"/> <!-- C -->
		<map iso="B04" to="k"/> <!-- V -->
		<map iso="B05" to="x"/> <!-- B -->
		<map iso="B06" to="b"/> <!-- N -->
		<map iso="B07" to="m"/>
		<map iso="B08" to="w"/> <!-- , -->
		<map iso="B09" to="v"/> <!-- . -->
		<map iso="B10" to="z"/> <!-- / -->
		<map iso="A03" to=" "/> <!-- space -->
	</keyMap>
	<keyMap modifiers="ctrl+caps?">
		<map iso="E11" to="\u{1B}"/> <!-- -  base=[ -->
		<map iso="E12" to="\u{1D}"/> <!-- =  base=] -->
		<map iso="C12" to="\u{1C}"/> <!-- (key to right of ')  base=\ -->
		<map iso="B00" to="\u{1C}"/> <!-- (key to left of Z)  base=\ -->
		<map iso="A03" to=" "/> <!-- space -->
	</keyMap>
</keyboard>
