<?xml version="1.0" encoding="UTF-8"?>
<!DOCTYPE keyboard SYSTEM "../dtd/ldmlKeyboard.dtd">
<keyboard locale="ig-t-k0-windows">
	<version platform="10" number="$Revision: 13265 $"/>
	<names>
		<name value="Igbo"/>
	</names>
	<settings fallback="omit" transformPartial="hide"/>
	<keyMap>
		<map iso="E00" to="`"/>
		<map iso="E01" to="1"/>
		<map iso="E02" to="2"/>
		<map iso="E03" to="3"/>
		<map iso="E04" to="4"/>
		<map iso="E05" to="5"/>
		<map iso="E06" to="6"/>
		<map iso="E07" to="7"/>
		<map iso="E08" to="8"/>
		<map iso="E09" to="9"/>
		<map iso="E10" to="0"/>
		<map iso="E11" to="-"/>
		<map iso="E12" to="="/>
		<map iso="D01" to="q"/>
		<map iso="D02" to="w"/>
		<map iso="D03" to="e"/>
		<map iso="D04" to="r"/>
		<map iso="D05" to="t"/>
		<map iso="D06" to="y"/>
		<map iso="D07" to="u"/>
		<map iso="D08" to="i"/>
		<map iso="D09" to="o"/>
		<map iso="D10" to="p"/>
		<map iso="D11" to="["/>
		<map iso="D12" to="]"/>
		<map iso="C01" to="a"/>
		<map iso="C02" to="s"/>
		<map iso="C03" to="d"/>
		<map iso="C04" to="f"/>
		<map iso="C05" to="g"/>
		<map iso="C06" to="h"/>
		<map iso="C07" to="j"/>
		<map iso="C08" to="k"/>
		<map iso="C09" to="l"/>
		<map iso="C10" to=";"/>
		<map iso="C11" to="&apos;"/>
		<map iso="C12" to="\"/> <!-- (key to right of ') -->
		<map iso="B00" to="\"/> <!-- (key to left of Z) -->
		<map iso="B01" to="z"/>
		<map iso="B02" to="x"/>
		<map iso="B03" to="c"/>
		<map iso="B04" to="v"/>
		<map iso="B05" to="b"/>
		<map iso="B06" to="n"/>
		<map iso="B07" to="m"/>
		<map iso="B08" to=","/>
		<map iso="B09" to="."/>
		<map iso="B10" to="/"/>
		<map iso="A03" to=" "/> <!-- space -->
	</keyMap>
	<keyMap modifiers="shift">
		<map iso="E00" to="~"/> <!-- ` -->
		<map iso="E01" to="!"/> <!-- 1 -->
		<map iso="E02" to="@"/> <!-- 2 -->
		<map iso="E03" to="#"/> <!-- 3 -->
		<map iso="E04" to="$"/> <!-- 4 -->
		<map iso="E05" to="%"/> <!-- 5 -->
		<map iso="E06" to="^"/> <!-- 6 -->
		<map iso="E07" to="&amp;"/> <!-- 7 -->
		<map iso="E08" to="*"/> <!-- 8 -->
		<map iso="E09" to="("/> <!-- 9 -->
		<map iso="E10" to=")"/> <!-- 0 -->
		<map iso="E11" to="_"/> <!-- - -->
		<map iso="E12" to="+"/> <!-- = -->
		<map iso="D01" to="Q"/>
		<map iso="D02" to="W"/>
		<map iso="D03" to="E"/>
		<map iso="D04" to="R"/>
		<map iso="D05" to="T"/>
		<map iso="D06" to="Y"/>
		<map iso="D07" to="U"/>
		<map iso="D08" to="I"/>
		<map iso="D09" to="O"/>
		<map iso="D10" to="P"/>
		<map iso="D11" to="{"/> <!-- [ -->
		<map iso="D12" to="}"/> <!-- ] -->
		<map iso="C01" to="A"/>
		<map iso="C02" to="S"/>
		<map iso="C03" to="D"/>
		<map iso="C04" to="F"/>
		<map iso="C05" to="G"/>
		<map iso="C06" to="H"/>
		<map iso="C07" to="J"/>
		<map iso="C08" to="K"/>
		<map iso="C09" to="L"/>
		<map iso="C10" to=":"/> <!-- ; -->
		<map iso="C11" to="\u{22}"/> <!-- '  to= "  -->
		<map iso="C12" to="|"/> <!-- (key to right of ')  base=\ -->
		<map iso="B00" to="|"/> <!-- (key to left of Z)  base=\ -->
		<map iso="B01" to="Z"/>
		<map iso="B02" to="X"/>
		<map iso="B03" to="C"/>
		<map iso="B04" to="V"/>
		<map iso="B05" to="B"/>
		<map iso="B06" to="N"/>
		<map iso="B07" to="M"/>
		<map iso="B08" to="&lt;"/> <!-- , -->
		<map iso="B09" to="&gt;"/> <!-- . -->
		<map iso="B10" to="?"/> <!-- / -->
		<map iso="A03" to=" "/> <!-- space -->
	</keyMap>
	<keyMap modifiers="caps">
		<map iso="E00" to="`"/>
		<map iso="E01" to="1"/>
		<map iso="E02" to="2"/>
		<map iso="E03" to="3"/>
		<map iso="E04" to="4"/>
		<map iso="E05" to="5"/>
		<map iso="E06" to="6"/>
		<map iso="E07" to="7"/>
		<map iso="E08" to="8"/>
		<map iso="E09" to="9"/>
		<map iso="E10" to="0"/>
		<map iso="E11" to="-"/>
		<map iso="E12" to="="/>
		<map iso="D01" to="Q"/>
		<map iso="D02" to="W"/>
		<map iso="D03" to="E"/>
		<map iso="D04" to="R"/>
		<map iso="D05" to="T"/>
		<map iso="D06" to="Y"/>
		<map iso="D07" to="U"/>
		<map iso="D08" to="I"/>
		<map iso="D09" to="O"/>
		<map iso="D10" to="P"/>
		<map iso="D11" to="["/>
		<map iso="D12" to="]"/>
		<map iso="C01" to="A"/>
		<map iso="C02" to="S"/>
		<map iso="C03" to="D"/>
		<map iso="C04" to="F"/>
		<map iso="C05" to="G"/>
		<map iso="C06" to="H"/>
		<map iso="C07" to="J"/>
		<map iso="C08" to="K"/>
		<map iso="C09" to="L"/>
		<map iso="C10" to=";"/>
		<map iso="C11" to="&apos;"/>
		<map iso="C12" to="\"/> <!-- (key to right of ') -->
		<map iso="B00" to="\"/> <!-- (key to left of Z) -->
		<map iso="B01" to="Z"/>
		<map iso="B02" to="X"/>
		<map iso="B03" to="C"/>
		<map iso="B04" to="V"/>
		<map iso="B05" to="B"/>
		<map iso="B06" to="N"/>
		<map iso="B07" to="M"/>
		<map iso="B08" to="&lt;"/> <!-- , -->
		<map iso="B09" to="."/>
		<map iso="B10" to="/"/>
		<map iso="A03" to=" "/> <!-- space -->
	</keyMap>
	<keyMap modifiers="caps+shift">
		<map iso="E00" to="~"/> <!-- ` -->
		<map iso="E01" to="!"/> <!-- 1 -->
		<map iso="E02" to="@"/> <!-- 2 -->
		<map iso="E03" to="#"/> <!-- 3 -->
		<map iso="E04" to="$"/> <!-- 4 -->
		<map iso="E05" to="%"/> <!-- 5 -->
		<map iso="E06" to="^"/> <!-- 6 -->
		<map iso="E07" to="&amp;"/> <!-- 7 -->
		<map iso="E08" to="*"/> <!-- 8 -->
		<map iso="E09" to="("/> <!-- 9 -->
		<map iso="E10" to=")"/> <!-- 0 -->
		<map iso="E11" to="_"/> <!-- - -->
		<map iso="E12" to="+"/> <!-- = -->
		<map iso="D01" to="q"/>
		<map iso="D02" to="w"/>
		<map iso="D03" to="e"/>
		<map iso="D04" to="r"/>
		<map iso="D05" to="t"/>
		<map iso="D06" to="y"/>
		<map iso="D07" to="u"/>
		<map iso="D08" to="i"/>
		<map iso="D09" to="o"/>
		<map iso="D10" to="p"/>
		<map iso="D11" to="{"/> <!-- [ -->
		<map iso="D12" to="}"/> <!-- ] -->
		<map iso="C01" to="a"/>
		<map iso="C02" to="s"/>
		<map iso="C03" to="d"/>
		<map iso="C04" to="f"/>
		<map iso="C05" to="g"/>
		<map iso="C06" to="h"/>
		<map iso="C07" to="j"/>
		<map iso="C08" to="k"/>
		<map iso="C09" to="l"/>
		<map iso="C10" to=":"/> <!-- ; -->
		<map iso="C11" to="\u{22}"/> <!-- '  to= "  -->
		<map iso="C12" to="|"/> <!-- (key to right of ')  base=\ -->
		<map iso="B00" to="|"/> <!-- (key to left of Z)  base=\ -->
		<map iso="B01" to="z"/>
		<map iso="B02" to="x"/>
		<map iso="B03" to="c"/>
		<map iso="B04" to="v"/>
		<map iso="B05" to="b"/>
		<map iso="B06" to="n"/>
		<map iso="B07" to="m"/>
		<map iso="B08" to=","/>
		<map iso="B09" to="&gt;"/> <!-- . -->
		<map iso="B10" to="?"/> <!-- / -->
		<map iso="A03" to=" "/> <!-- space -->
	</keyMap>
	<keyMap modifiers="altR+caps? ctrl+alt+caps?">
		<map iso="E05" to="€"/> <!-- 5 -->
		<map iso="E09" to="‘"/> <!-- 9 -->
		<map iso="E10" to="’"/> <!-- 0 -->
		<map iso="D01" to="ị\u{301}"/> <!-- Q  to= ị́  -->
		<map iso="D02" to="ị\u{300}"/> <!-- W  to= ị̀  -->
		<map iso="D03" to="ị\u{304}"/> <!-- E  to= ị̄  -->
		<map iso="D07" to="ụ"/> <!-- U -->
		<map iso="D08" to="ị"/> <!-- I -->
		<map iso="D09" to="ọ"/> <!-- O -->
		<map iso="C01" to="ọ\u{301}"/> <!-- A  to= ọ́  -->
		<map iso="C02" to="ọ\u{300}"/> <!-- S  to= ọ̀  -->
		<map iso="C03" to="ọ\u{304}"/> <!-- D  to= ọ̄  -->
		<map iso="C04" to="ụ\u{301}"/> <!-- F  to= ụ́  -->
		<map iso="C05" to="ụ\u{300}"/> <!-- G  to= ụ̀  -->
		<map iso="C06" to="ụ\u{304}"/> <!-- H  to= ụ̄  -->
		<map iso="C10" to="¶"/> <!-- ; -->
		<map iso="C11" to="´"/> <!-- ' -->
		<map iso="B06" to="ṅ"/> <!-- N -->
		<map iso="B07" to="m\u{300}"/> <!-- M  to= m̀  -->
		<map iso="B08" to="m\u{304}"/> <!-- ,  to= m̄  -->
		<map iso="B09" to="n\u{304}"/> <!-- .  to= n̄  -->
	</keyMap>
	<keyMap modifiers="altR+shift+caps? ctrl+alt+shift+caps?">
		<map iso="D01" to="Ị\u{301}"/> <!-- Q  to= Ị́  -->
		<map iso="D02" to="Ị\u{300}"/> <!-- W  to= Ị̀  -->
		<map iso="D03" to="Ị\u{304}"/> <!-- E  to= Ị̄  -->
		<map iso="D07" to="Ụ"/> <!-- U -->
		<map iso="D08" to="Ị"/> <!-- I -->
		<map iso="D09" to="Ọ"/> <!-- O -->
		<map iso="C01" to="Ọ\u{301}"/> <!-- A  to= Ọ́  -->
		<map iso="C02" to="Ọ\u{300}"/> <!-- S  to= Ọ̀  -->
		<map iso="C03" to="Ọ\u{304}"/> <!-- D  to= Ọ̄  -->
		<map iso="C04" to="Ụ\u{301}"/> <!-- F  to= Ụ́  -->
		<map iso="C05" to="Ụ\u{300}"/> <!-- G  to= Ụ̀  -->
		<map iso="C06" to="Ụ\u{304}"/> <!-- H  to= Ụ̄  -->
		<map iso="C12" to="¦"/> <!-- (key to right of ')  base=\ -->
		<map iso="B06" to="Ṅ"/> <!-- N -->
		<map iso="B07" to="M\u{300}"/> <!-- M  to= M̀  -->
		<map iso="B08" to="M\u{304}"/> <!-- ,  to= M̄  -->
		<map iso="B09" to="N\u{304}"/> <!-- .  to= N̄  -->
	</keyMap>
	<keyMap modifiers="ctrl+caps?">
		<map iso="D11" to="\u{1B}"/> <!-- [ -->
		<map iso="D12" to="\u{1D}"/> <!-- ] -->
		<map iso="C12" to="\u{1C}"/> <!-- (key to right of ')  base=\ -->
		<map iso="B00" to="\u{1C}"/> <!-- (key to left of Z)  base=\ -->
		<map iso="A03" to=" "/> <!-- space -->
	</keyMap>
	<transforms type="simple">
		<transform from="` " to="`"/>
		<transform from="`a" to="à"/>
		<transform from="`A" to="À"/>
		<transform from="`e" to="è"/>
		<transform from="`E" to="È"/>
		<transform from="`i" to="ì"/>
		<transform from="`I" to="Ì"/>
		<transform from="`n" to="ǹ"/>
		<transform from="`N" to="Ǹ"/>
		<transform from="`o" to="ò"/>
		<transform from="`O" to="Ò"/>
		<transform from="`u" to="ù"/>
		<transform from="`U" to="Ù"/>
		<transform from="^ " to="^"/>
		<transform from="^a" to="ā"/>
		<transform from="^A" to="Ā"/>
		<transform from="^e" to="ē"/>
		<transform from="^E" to="Ē"/>
		<transform from="^i" to="ī"/>
		<transform from="^I" to="Ī"/>
		<transform from="^o" to="ō"/>
		<transform from="^O" to="Ō"/>
		<transform from="^u" to="ū"/>
		<transform from="^U" to="Ū"/>
		<transform from="~ " to="~"/>
		<transform from="~a" to="á"/>
		<transform from="~A" to="Á"/>
		<transform from="~e" to="é"/>
		<transform from="~E" to="É"/>
		<transform from="~i" to="í"/>
		<transform from="~I" to="Í"/>
		<transform from="~m" to="ḿ"/>
		<transform from="~M" to="Ḿ"/>
		<transform from="~n" to="ń"/>
		<transform from="~N" to="Ń"/>
		<transform from="~o" to="ó"/>
		<transform from="~O" to="Ó"/>
		<transform from="~u" to="ú"/>
		<transform from="~U" to="Ú"/>
	</transforms>
</keyboard>
